"","words","pos","stemmed","type","stems","postag"
"3","abandon","verb","y","weaksubj","abandon","_vb"
"4","abase","verb","y","strongsubj","abas","_vb"
"6","abash","verb","y","strongsubj","abash","_vb"
"7","abate","verb","y","weaksubj","abat","_vb"
"8","abdicate","verb","y","weaksubj","abdic","_vb"
"12","abhor","verb","y","strongsubj","abhor","_vb"
"21","abjure","verb","y","weaksubj","abjur","_vb"
"23","abolish","verb","y","weaksubj","abolish","_vb"
"26","abominate","verb","y","strongsubj","abomin","_vb"
"28","abrade","verb","y","weaksubj","abrad","_vb"
"31","abscond","verb","y","strongsubj","abscond","_vb"
"41","abuse","verb","y","strongsubj","abus","_vb"
"49","accost","verb","y","weaksubj","accost","_vb"
"56","accuse","verb","y","strongsubj","accus","_vb"
"60","acerbate","verb","y","strongsubj","acerb","_vb"
"63","ache","verb","y","strongsubj","ach","_vb"
"74","admonish","verb","y","strongsubj","admonish","_vb"
"80","adulterate","verb","y","strongsubj","adulter","_vb"
"84","adversary","noun","y","weaksubj","adversari","_nn"
"88","afflict","verb","y","weaksubj","afflict","_vb"
"92","affront","verb","y","strongsubj","affront","_vb"
"95","aggravate","verb","y","strongsubj","aggrav","_vb"
"103","aggrieve","verb","y","strongsubj","aggriev","_vb"
"106","agitate","verb","y","strongsubj","agit","_vb"
"111","agonize","verb","y","strongsubj","agon","_vb"
"117","ail","verb","y","weaksubj","ail","_vb"
"123","alarm","verb","y","weaksubj","alarm","_vb"
"128","alienate","verb","y","weaksubj","alien","_vb"
"145","ambush","verb","y","weaksubj","ambush","_vb"
"147","amputate","verb","y","weaksubj","amput","_vb"
"155","anger","verb","y","strongsubj","anger","_vb"
"160","anguish","verb","y","strongsubj","anguish","_vb"
"161","annihilate","verb","y","strongsubj","annihil","_vb"
"164","annoy","verb","y","strongsubj","annoi","_vb"
"175","antagonize","verb","y","strongsubj","antagon","_vb"
"205","ape","verb","y","strongsubj","ap","_vb"
"212","appal","verb","y","strongsubj","appal","_vb"
"215","appall","verb","y","strongsubj","appal","_vb"
"230","argue","verb","y","strongsubj","argu","_vb"
"247","asperse","verb","y","strongsubj","aspers","_vb"
"250","assail","verb","y","weaksubj","assail","_vb"
"251","assassinate","verb","y","weaksubj","assassin","_vb"
"260","atrophy","verb","y","strongsubj","atrophi","_vb"
"262","attack","verb","y","weaksubj","attack","_vb"
"278","avenge","verb","y","strongsubj","aveng","_vb"
"281","avoid","verb","y","weaksubj","avoid","_vb"
"290","ax","verb","y","strongsubj","ax","_vb"
"291","babble","verb","y","strongsubj","babbl","_vb"
"292","backbite","verb","y","strongsubj","backbit","_vb"
"298","baffle","verb","y","strongsubj","baffl","_vb"
"302","bait","verb","y","strongsubj","bait","_vb"
"303","balk","verb","y","strongsubj","balk","_vb"
"306","banalize","verb","y","strongsubj","banal","_vb"
"309","banish","verb","y","strongsubj","banish","_vb"
"312","bankrupt","verb","y","weaksubj","bankrupt","_vb"
"313","bar","verb","y","weaksubj","bar","_vb"
"332","battle","verb","y","weaksubj","battl","_vb"
"345","befoul","verb","y","strongsubj","befoul","_vb"
"346","beg","verb","y","strongsubj","beg","_vb"
"351","beguile","verb","y","strongsubj","beguil","_vb"
"353","belabor","verb","y","strongsubj","belabor","_vb"
"354","beleaguer","verb","y","strongsubj","beleagu","_vb"
"355","belie","verb","y","strongsubj","beli","_vb"
"356","belittle","verb","y","strongsubj","belittl","_vb"
"365","bemoan","verb","y","strongsubj","bemoan","_vb"
"369","berate","verb","y","strongsubj","berat","_vb"
"370","bereave","verb","y","strongsubj","bereav","_vb"
"374","beseech","verb","y","strongsubj","beseech","_vb"
"376","besiege","verb","y","weaksubj","besieg","_vb"
"377","besmirch","verb","y","strongsubj","besmirch","_vb"
"379","betray","verb","y","strongsubj","betrai","_vb"
"383","bewail","verb","y","strongsubj","bewail","_vb"
"384","beware","verb","y","weaksubj","bewar","_vb"
"385","bewilder","verb","y","strongsubj","bewild","_vb"
"391","bewitch","verb","y","strongsubj","bewitch","_vb"
"394","bias","verb","y","strongsubj","bia","_vb"
"399","bicker","verb","y","strongsubj","bicker","_vb"
"402","bitch","verb","y","strongsubj","bitch","_vb"
"410","blab","verb","y","strongsubj","blab","_vb"
"411","blabber","verb","y","strongsubj","blabber","_vb"
"413","blackmail","verb","y","weaksubj","blackmail","_vb"
"417","blame","verb","y","strongsubj","blame","_vb"
"420","blandish","verb","y","strongsubj","blandish","_vb"
"421","blaspheme","verb","y","strongsubj","blasphem","_vb"
"429","blather","verb","y","strongsubj","blather","_vb"
"433","bleed","verb","y","weaksubj","bleed","_vb"
"435","blemish","verb","y","weaksubj","blemish","_vb"
"441","blindside","verb","y","strongsubj","blindsid","_vb"
"442","blister","verb","y","strongsubj","blister","_vb"
"446","block","verb","y","weaksubj","block","_vb"
"459","blur","verb","y","weaksubj","blur","_vb"
"460","blurt","verb","y","strongsubj","blurt","_vb"
"461","boast","verb","y","strongsubj","boast","_vb"
"463","boggle","verb","y","strongsubj","boggl","_vb"
"465","boil","verb","y","strongsubj","boil","_vb"
"468","bombard","verb","y","weaksubj","bombard","_vb"
"469","bomb","verb","y","weaksubj","bomb","_vb"
"476","bore","verb","y","strongsubj","bore","_vb"
"480","botch","verb","y","strongsubj","botch","_vb"
"482","bother","verb","y","strongsubj","bother","_vb"
"484","bowdlerize","verb","y","strongsubj","bowdler","_vb"
"491","brainwash","verb","y","strongsubj","brainwash","_vb"
"504","break","verb","y","weaksubj","break","_vb"
"507","breakdown","verb","y","weaksubj","breakdown","_vb"
"510","bristle","verb","y","strongsubj","bristl","_vb"
"514","brood","verb","y","strongsubj","brood","_vb"
"515","browbeat","verb","y","strongsubj","browbeat","_vb"
"524","brutalize","verb","y","strongsubj","brutal","_vb"
"529","bug","verb","y","weaksubj","bug","_vb"
"530","buckle","verb","y","weaksubj","buckl","_vb"
"539","bungle","verb","y","strongsubj","bungl","_vb"
"547","burn","verb","y","strongsubj","burn","_vb"
"550","butcher","verb","y","weaksubj","butcher","_vb"
"553","cackle","verb","y","strongsubj","cackl","_vb"
"554","cajole","verb","y","strongsubj","cajol","_vb"
"561","calumniate","verb","y","strongsubj","calumni","_vb"
"570","cannibalize","verb","y","strongsubj","cannib","_vb"
"571","capitulate","verb","y","weaksubj","capitul","_vb"
"575","capsize","verb","y","weaksubj","capsiz","_vb"
"579","caricature","verb","y","strongsubj","caricatur","_vb"
"581","carp","verb","y","strongsubj","carp","_vb"
"586","castigate","verb","y","strongsubj","castig","_vb"
"587","casualty","noun","y","weaksubj","casualti","_nn"
"602","cave","verb","y","weaksubj","cave","_vb"
"605","censure","verb","y","strongsubj","censur","_vb"
"606","chafe","verb","y","strongsubj","chafe","_vb"
"607","chaff","verb","y","strongsubj","chaff","_vb"
"609","chagrin","verb","y","strongsubj","chagrin","_vb"
"611","challenge","verb","y","weaksubj","challeng","_vb"
"616","chasten","verb","y","strongsubj","chasten","_vb"
"617","chastise","verb","y","strongsubj","chastis","_vb"
"619","chatter","verb","y","strongsubj","chatter","_vb"
"621","cheapen","verb","y","strongsubj","cheapen","_vb"
"624","cheat","verb","y","strongsubj","cheat","_vb"
"627","chide","verb","y","strongsubj","chide","_vb"
"629","chill","verb","y","weaksubj","chill","_vb"
"633","choke","verb","y","weaksubj","choke","_vb"
"643","clog","verb","y","weaksubj","clog","_vb"
"645","cloud","verb","y","strongsubj","cloud","_vb"
"649","coerce","verb","y","strongsubj","coerc","_vb"
"655","collapse","verb","y","weaksubj","collaps","_vb"
"656","collide","verb","y","weaksubj","collid","_vb"
"657","collude","verb","y","strongsubj","collud","_vb"
"663","commiserate","verb","y","strongsubj","commiser","_vb"
"667","compel","verb","y","strongsubj","compel","_vb"
"670","complain","verb","y","strongsubj","complain","_vb"
"677","complicate","verb","y","weaksubj","complic","_vb"
"684","concede","verb","y","strongsubj","conced","_vb"
"689","concern","verb","y","weaksubj","concern","_vb"
"697","condescend","verb","y","strongsubj","condescend","_vb"
"702","condemn","verb","y","strongsubj","condemn","_vb"
"708","confess","verb","y","strongsubj","confess","_vb"
"715","confound","verb","y","weaksubj","confound","_vb"
"718","confront","verb","y","weaksubj","confront","_vb"
"722","confuse","verb","y","strongsubj","confus","_vb"
"740","conspire","verb","y","strongsubj","conspir","_vb"
"742","constrain","verb","y","weaksubj","constrain","_vb"
"744","consume","verb","y","weaksubj","consum","_vb"
"746","contaminate","verb","y","weaksubj","contamin","_vb"
"752","contend","verb","y","strongsubj","contend","_vb"
"756","contort","verb","y","strongsubj","contort","_vb"
"759","contradict","verb","y","strongsubj","contradict","_vb"
"764","contravene","verb","y","strongsubj","contraven","_vb"
"765","contrive","verb","y","strongsubj","contriv","_vb"
"774","corrode","verb","y","weaksubj","corrod","_vb"
"778","corrupt","verb","y","strongsubj","corrupt","_vb"
"786","cow","verb","y","weaksubj","cow","_vb"
"804","cringe","verb","y","strongsubj","cring","_vb"
"805","cripple","verb","y","strongsubj","crippl","_vb"
"815","criticize","verb","y","strongsubj","critic","_vb"
"826","crumble","verb","y","weaksubj","crumbl","_vb"
"827","crumple","verb","y","weaksubj","crumpl","_vb"
"828","crush","verb","y","weaksubj","crush","_vb"
"830","cry","verb","y","strongsubj","cry","_vb"
"835","curse","verb","y","strongsubj","curs","_vb"
"841","cuss","verb","y","strongsubj","cuss","_vb"
"842","cut","verb","y","weaksubj","cut","_vb"
"851","damn","verb","y","strongsubj","damn","_vb"
"862","dangle","verb","y","strongsubj","dangl","_vb"
"864","darken","verb","y","weaksubj","darken","_vb"
"867","dash","verb","y","weaksubj","dash","_vb"
"870","daunt","verb","y","strongsubj","daunt","_vb"
"873","dawdle","verb","y","strongsubj","dawdl","_vb"
"874","daze","verb","y","strongsubj","daze","_vb"
"879","deadlock","verb","y","strongsubj","deadlock","_vb"
"886","debase","verb","y","strongsubj","debas","_vb"
"890","debate","verb","y","strongsubj","debat","_vb"
"891","debauch","verb","y","strongsubj","debauch","_vb"
"894","debilitate","verb","y","weaksubj","debilit","_vb"
"900","decay","verb","y","strongsubj","decai","_vb"
"907","deceive","verb","y","strongsubj","deceiv","_vb"
"915","declaim","verb","y","strongsubj","declaim","_vb"
"917","decline","verb","y","weaksubj","declin","_vb"
"920","decrease","verb","y","weaksubj","decreas","_vb"
"925","decry","verb","y","strongsubj","decri","_vb"
"932","defame","verb","y","strongsubj","defam","_vb"
"934","defeat","verb","y","weaksubj","defeat","_vb"
"944","defile","verb","y","strongsubj","defil","_vb"
"946","deform","verb","y","weaksubj","deform","_vb"
"951","defy","verb","y","strongsubj","defi","_vb"
"953","degenerate","verb","y","strongsubj","degener","_vb"
"957","degrade","verb","y","strongsubj","degrad","_vb"
"961","dehumanize","verb","y","strongsubj","dehuman","_vb"
"962","deign","verb","y","strongsubj","deign","_vb"
"963","deject","verb","y","strongsubj","deject","_vb"
"971","delude","verb","y","strongsubj","delud","_vb"
"980","demean","verb","y","strongsubj","demean","_vb"
"983","demolish","verb","y","weaksubj","demolish","_vb"
"988","demonize","verb","y","strongsubj","demon","_vb"
"989","demoralize","verb","y","strongsubj","demor","_vb"
"993","denigrate","verb","y","strongsubj","denigr","_vb"
"994","deny","verb","y","strongsubj","deni","_vb"
"995","denounce","verb","y","strongsubj","denounc","_vb"
"996","denunciate","verb","y","strongsubj","denunci","_vb"
"999","deplete","verb","y","weaksubj","deplet","_vb"
"1003","deplore","verb","y","strongsubj","deplor","_vb"
"1006","deprave","verb","y","strongsubj","deprav","_vb"
"1009","deprecate","verb","y","strongsubj","deprec","_vb"
"1010","depress","verb","y","weaksubj","depress","_vb"
"1017","deprive","verb","y","strongsubj","depriv","_vb"
"1019","deride","verb","y","strongsubj","derid","_vb"
"1025","desecrate","verb","y","strongsubj","desecr","_vb"
"1026","desert","verb","y","strongsubj","desert","_vb"
"1034","despair","verb","y","strongsubj","despair","_vb"
"1042","despise","verb","y","strongsubj","despis","_vb"
"1046","despoil","verb","y","strongsubj","despoil","_vb"
"1060","destroy","verb","y","weaksubj","destroi","_vb"
"1066","deter","verb","y","weaksubj","deter","_vb"
"1072","detest","verb","y","strongsubj","detest","_vb"
"1075","detract","verb","y","weaksubj","detract","_vb"
"1086","deviate","verb","y","weaksubj","deviat","_vb"
"1105","differ","verb","y","weaksubj","differ","_vb"
"1114","digress","verb","y","strongsubj","digress","_vb"
"1118","dilly-dally","verb","y","strongsubj","dilly-d","_vb"
"1121","diminish","verb","y","weaksubj","diminish","_vb"
"1131","disable","verb","y","weaksubj","disabl","_vb"
"1138","disaffect","verb","y","strongsubj","disaffect","_vb"
"1140","disaffirm","verb","y","strongsubj","disaffirm","_vb"
"1141","disagree","verb","y","strongsubj","disagre","_vb"
"1146","disallow","verb","y","strongsubj","disallow","_vb"
"1147","disappoint","verb","y","strongsubj","disappoint","_vb"
"1158","disarm","verb","y","weaksubj","disarm","_vb"
"1164","disavow","verb","y","strongsubj","disavow","_vb"
"1167","disbelieve","verb","y","strongsubj","disbeliev","_vb"
"1169","disclaim","verb","y","strongsubj","disclaim","_vb"
"1170","discombobulate","verb","y","strongsubj","discombobul","_vb"
"1171","discomfit","verb","y","strongsubj","discomfit","_vb"
"1174","discompose","verb","y","weaksubj","discompos","_vb"
"1175","disconcert","verb","y","strongsubj","disconcert","_vb"
"1192","discourage","verb","y","strongsubj","discourag","_vb"
"1198","discredit","verb","y","strongsubj","discredit","_vb"
"1200","discriminate","verb","y","weaksubj","discrimin","_vb"
"1205","disdain","verb","y","strongsubj","disdain","_vb"
"1210","disfavor","verb","y","strongsubj","disfavor","_vb"
"1212","disgrace","verb","y","strongsubj","disgrac","_vb"
"1216","disgruntle","verb","y","strongsubj","disgruntl","_vb"
"1219","disgust","verb","y","strongsubj","disgust","_vb"
"1226","dishearten","verb","y","strongsubj","dishearten","_vb"
"1234","dishonor","verb","y","strongsubj","dishonor","_vb"
"1238","disillusion","verb","y","strongsubj","disillus","_vb"
"1244","disintegrate","verb","y","weaksubj","disintegr","_vb"
"1249","dislike","verb","y","strongsubj","dislik","_vb"
"1258","dismay","verb","y","strongsubj","dismai","_vb"
"1267","disobey","verb","y","strongsubj","disobei","_vb"
"1268","disown","verb","y","strongsubj","disown","_vb"
"1270","disorder","verb","y","weaksubj","disord","_vb"
"1274","disorient","verb","y","strongsubj","disori","_vb"
"1276","disown","verb","y","strongsubj","disown","_vb"
"1277","disparage","verb","y","strongsubj","disparag","_vb"
"1281","dispirit","verb","y","strongsubj","dispirit","_vb"
"1285","displace","verb","y","weaksubj","displac","_vb"
"1287","displease","verb","y","strongsubj","displeas","_vb"
"1292","disprove","verb","y","strongsubj","disprov","_vb"
"1295","dispute","verb","y","strongsubj","disput","_vb"
"1297","disquiet","verb","y","strongsubj","disquiet","_vb"
"1306","disrespect","verb","y","strongsubj","disrespect","_vb"
"1314","disrupt","verb","y","strongsubj","disrupt","_vb"
"1322","dissatisfy","verb","y","strongsubj","dissatisfi","_vb"
"1324","dissemble","verb","y","strongsubj","dissembl","_vb"
"1344","dissuade","verb","y","strongsubj","dissuad","_vb"
"1349","distort","verb","y","strongsubj","distort","_vb"
"1352","distract","verb","y","weaksubj","distract","_vb"
"1359","distress","verb","y","strongsubj","distress","_vb"
"1363","distrust","verb","y","strongsubj","distrust","_vb"
"1366","disturb","verb","y","strongsubj","disturb","_vb"
"1375","divide","verb","y","weaksubj","divid","_vb"
"1382","divorce","verb","y","weaksubj","divorc","_vb"
"1395","dominate","verb","y","weaksubj","domin","_vb"
"1398","domineer","verb","y","strongsubj","domin","_vb"
"1401","doom","verb","y","strongsubj","doom","_vb"
"1406","doubt","verb","y","strongsubj","doubt","_vb"
"1417","downgrade","verb","y","weaksubj","downgrad","_vb"
"1427","dragoon","verb","y","strongsubj","dragoon","_vb"
"1435","dread","verb","y","strongsubj","dread","_vb"
"1442","droop","verb","y","weaksubj","droop","_vb"
"1457","dumbfound","verb","y","strongsubj","dumbfound","_vb"
"1465","dupe","verb","y","strongsubj","dupe","_vb"
"1467","dwindle","verb","y","weaksubj","dwindl","_vb"
"1485","ejaculate","verb","y","strongsubj","ejacul","_vb"
"1488","eliminate","verb","y","weaksubj","elimin","_vb"
"1491","emasculate","verb","y","strongsubj","emascul","_vb"
"1492","embarrass","verb","y","strongsubj","embarrass","_vb"
"1497","embroil","verb","y","strongsubj","embroil","_vb"
"1501","empathize","verb","y","strongsubj","empath","_vb"
"1508","encroach","verb","y","weaksubj","encroach","_vb"
"1510","endanger","verb","y","strongsubj","endang","_vb"
"1515","enervate","verb","y","strongsubj","enerv","_vb"
"1516","enfeeble","verb","y","strongsubj","enfeebl","_vb"
"1517","enflame","verb","y","strongsubj","enflam","_vb"
"1518","engulf","verb","y","weaksubj","engulf","_vb"
"1519","enjoin","verb","y","strongsubj","enjoin","_vb"
"1525","enrage","verb","y","strongsubj","enrag","_vb"
"1527","enslave","verb","y","strongsubj","enslav","_vb"
"1528","entangle","verb","y","weaksubj","entangl","_vb"
"1530","entrap","verb","y","strongsubj","entrap","_vb"
"1536","envy","verb","y","strongsubj","envi","_vb"
"1539","eradicate","verb","y","weaksubj","erad","_vb"
"1540","erase","verb","y","weaksubj","eras","_vb"
"1541","erode","verb","y","weaksubj","erod","_vb"
"1543","err","verb","y","strongsubj","err","_vb"
"1553","eschew","verb","y","strongsubj","eschew","_vb"
"1557","evade","verb","y","weaksubj","evad","_vb"
"1565","eviscerate","verb","y","strongsubj","eviscer","_vb"
"1566","exacerbate","verb","y","strongsubj","exacerb","_vb"
"1568","exaggerate","verb","y","strongsubj","exagger","_vb"
"1571","exasperate","verb","y","strongsubj","exasper","_vb"
"1577","exclaim","verb","y","strongsubj","exclaim","_vb"
"1578","exclude","verb","y","weaksubj","exclud","_vb"
"1580","excoriate","verb","y","strongsubj","excori","_vb"
"1587","execrate","verb","y","strongsubj","execr","_vb"
"1588","exhaust","verb","y","weaksubj","exhaust","_vb"
"1590","exhort","verb","y","strongsubj","exhort","_vb"
"1591","exile","verb","y","weaksubj","exil","_vb"
"1598","expel","verb","y","weaksubj","expel","_vb"
"1601","expire","verb","y","strongsubj","expir","_vb"
"1602","explode","verb","y","weaksubj","explod","_vb"
"1603","exploit","verb","y","strongsubj","exploit","_vb"
"1606","expose","verb","y","weaksubj","expos","_vb"
"1613","expulse","verb","y","weaksubj","expuls","_vb"
"1614","expunge","verb","y","strongsubj","expung","_vb"
"1615","exterminate","verb","y","strongsubj","extermin","_vb"
"1617","extinguish","verb","y","weaksubj","extinguish","_vb"
"1618","extort","verb","y","weaksubj","extort","_vb"
"1632","fabricate","verb","y","weaksubj","fabric","_vb"
"1637","fail","verb","y","weaksubj","fail","_vb"
"1647","fall","verb","y","weaksubj","fall","_vb"
"1659","falsify","verb","y","strongsubj","falsifi","_vb"
"1660","falter","verb","y","strongsubj","falter","_vb"
"1694","fault","verb","y","strongsubj","fault","_vb"
"1697","faze","verb","y","weaksubj","faze","_vb"
"1699","fear","verb","y","strongsubj","fear","_vb"
"1709","feign","verb","y","weaksubj","feign","_vb"
"1724","fib","verb","y","strongsubj","fib","_vb"
"1731","fidget","verb","y","strongsubj","fidget","_vb"
"1742","finagle","verb","y","weaksubj","finagl","_vb"
"1743","fine","verb","y","weaksubj","fine","_vb"
"1747","flabbergast","verb","y","strongsubj","flabbergast","_vb"
"1761","flaunt","verb","y","strongsubj","flaunt","_vb"
"1767","fleer","verb","y","strongsubj","fleer","_vb"
"1772","flirt","verb","y","strongsubj","flirt","_vb"
"1775","flounder","verb","y","strongsubj","flounder","_vb"
"1777","flout","verb","y","strongsubj","flout","_vb"
"1778","fluster","verb","y","weaksubj","fluster","_vb"
"1789","force","verb","y","weaksubj","forc","_vb"
"1793","forfeit","verb","y","weaksubj","forfeit","_vb"
"1795","forget","verb","y","strongsubj","forget","_vb"
"1802","forsake","verb","y","strongsubj","forsak","_vb"
"1804","forswear","verb","y","strongsubj","forswear","_vb"
"1807","foul","verb","y","weaksubj","foul","_vb"
"1813","fracture","verb","y","weaksubj","fractur","_vb"
"1821","fraternize","verb","y","strongsubj","fratern","_vb"
"1828","freak","verb","y","strongsubj","freak","_vb"
"1834","frazzle","verb","y","strongsubj","frazzl","_vb"
"1840","fret","verb","y","strongsubj","fret","_vb"
"1849","frighten","verb","y","strongsubj","frighten","_vb"
"1862","fumble","verb","y","weaksubj","fumbl","_vb"
"1863","fun","verb","y","strongsubj","fun","_vb"
"1864","frustrate","verb","y","strongsubj","frustrat","_vb"
"1872","fudge","verb","y","strongsubj","fudg","_vb"
"1875","fulminate","verb","y","strongsubj","fulmin","_vb"
"1876","fume","verb","y","strongsubj","fume","_vb"
"1885","fuss","verb","y","strongsubj","fuss","_vb"
"1886","fustigate","verb","y","strongsubj","fustig","_vb"
"1893","gabble","verb","y","strongsubj","gabbl","_vb"
"1896","gainsay","verb","y","strongsubj","gainsai","_vb"
"1899","gaggle","verb","y","strongsubj","gaggl","_vb"
"1900","gall","verb","y","strongsubj","gall","_vb"
"1904","gamble","verb","y","weaksubj","gambl","_vb"
"1906","gape","verb","y","strongsubj","gape","_vb"
"1914","gawk","verb","y","strongsubj","gawk","_vb"
"1923","gibber","verb","y","strongsubj","gibber","_vb"
"1925","gibe","verb","y","strongsubj","gibe","_vb"
"1927","glare","verb","y","strongsubj","glare","_vb"
"1936","gloss","verb","y","strongsubj","gloss","_vb"
"1937","glower","verb","y","strongsubj","glower","_vb"
"1941","goad","verb","y","strongsubj","goad","_vb"
"1947","goof","verb","y","strongsubj","goof","_vb"
"1950","gossip","verb","y","strongsubj","gossip","_vb"
"1955","grapple","verb","y","weaksubj","grappl","_vb"
"1956","grate","verb","y","strongsubj","grate","_vb"
"1969","grieve","verb","y","strongsubj","griev","_vb"
"1973","grill","verb","y","weaksubj","grill","_vb"
"1975","grimace","verb","y","strongsubj","grimac","_vb"
"1979","gripe","verb","y","strongsubj","gripe","_vb"
"1988","grouse","verb","y","strongsubj","grous","_vb"
"1989","growl","verb","y","strongsubj","growl","_vb"
"1998","grumble","verb","y","strongsubj","grumbl","_vb"
"2005","haggle","verb","y","strongsubj","haggl","_vb"
"2008","hallucinate","verb","y","strongsubj","hallucin","_vb"
"2010","hamper","verb","y","strongsubj","hamper","_vb"
"2017","harass","verb","y","weaksubj","harass","_vb"
"2030","harden","verb","y","weaksubj","harden","_vb"
"2049","harrow","verb","y","strongsubj","harrow","_vb"
"2057","hate","verb","y","strongsubj","hate","_vb"
"2065","haunt","verb","y","weaksubj","haunt","_vb"
"2071","hazard","verb","y","weaksubj","hazard","_vb"
"2090","heckle","verb","y","strongsubj","heckl","_vb"
"2092","hedge","verb","y","strongsubj","hedg","_vb"
"2115","hinder","verb","y","strongsubj","hinder","_vb"
"2117","hoard","verb","y","strongsubj","hoard","_vb"
"2118","hoax","verb","y","strongsubj","hoax","_vb"
"2119","hobble","verb","y","weaksubj","hobbl","_vb"
"2122","hoodwink","verb","y","strongsubj","hoodwink","_vb"
"2136","horrify","verb","y","strongsubj","horrifi","_vb"
"2157","humiliate","verb","y","strongsubj","humili","_vb"
"2160","hunger","verb","y","strongsubj","hunger","_vb"
"2163","hurt","verb","y","weaksubj","hurt","_vb"
"2188","ignore","verb","y","weaksubj","ignor","_vb"
"2241","impair","verb","y","strongsubj","impair","_vb"
"2247","impeach","verb","y","strongsubj","impeach","_vb"
"2248","impede","verb","y","strongsubj","imped","_vb"
"2257","imperil","verb","y","strongsubj","imperil","_vb"
"2266","impinge","verb","y","strongsubj","imping","_vb"
"2271","implicate","verb","y","weaksubj","implic","_vb"
"2274","implode","verb","y","strongsubj","implod","_vb"
"2279","importune","verb","y","strongsubj","importun","_vb"
"2280","impose","verb","y","strongsubj","impos","_vb"
"2292","impoverish","verb","y","weaksubj","impoverish","_vb"
"2296","imprecate","verb","y","strongsubj","imprec","_vb"
"2300","imprison","verb","y","weaksubj","imprison","_vb"
"2313","impugn","verb","y","strongsubj","impugn","_vb"
"2348","incense","verb","y","weaksubj","incens","_vb"
"2351","incite","verb","y","weaksubj","incit","_vb"
"2402","inculcate","verb","y","strongsubj","inculc","_vb"
"2441","indulge","verb","y","strongsubj","indulg","_vb"
"2500","infest","verb","y","weaksubj","infest","_vb"
"2508","inflame","verb","y","strongsubj","inflam","_vb"
"2513","inflict","verb","y","strongsubj","inflict","_vb"
"2515","infringe","verb","y","strongsubj","infring","_vb"
"2519","infuriate","verb","y","strongsubj","infuri","_vb"
"2526","inhibit","verb","y","weaksubj","inhibit","_vb"
"2538","injure","verb","y","weaksubj","injur","_vb"
"2570","insinuate","verb","y","strongsubj","insinu","_vb"
"2584","instigate","verb","y","strongsubj","instig","_vb"
"2597","insult","verb","y","strongsubj","insult","_vb"
"2608","interfere","verb","y","weaksubj","interfer","_vb"
"2612","interrupt","verb","y","weaksubj","interrupt","_vb"
"2614","intimidate","verb","y","weaksubj","intimid","_vb"
"2624","intoxicate","verb","y","weaksubj","intox","_vb"
"2629","intrude","verb","y","strongsubj","intrud","_vb"
"2632","inundate","verb","y","strongsubj","inund","_vb"
"2637","invalidate","verb","y","strongsubj","invalid","_vb"
"2641","inveigle","verb","y","strongsubj","inveigl","_vb"
"2650","irk","verb","y","strongsubj","irk","_vb"
"2683","irritate","verb","y","strongsubj","irrit","_vb"
"2688","isolate","verb","y","weaksubj","isol","_vb"
"2691","itch","verb","y","strongsubj","itch","_vb"
"2692","jabber","verb","y","strongsubj","jabber","_vb"
"2695","jar","verb","y","weaksubj","jar","_vb"
"2702","jeer","verb","y","strongsubj","jeer","_vb"
"2706","jeopardize","verb","y","strongsubj","jeopard","_vb"
"2712","jolt","verb","y","weaksubj","jolt","_vb"
"2719","keen","verb","y","strongsubj","keen","_vb"
"2722","kill","verb","y","weaksubj","kill","_vb"
"2727","knife","verb","y","weaksubj","knife","_vb"
"2729","knock","verb","y","weaksubj","knock","_vb"
"2741","lag","verb","y","weaksubj","lag","_vb"
"2742","lambast","verb","y","strongsubj","lambast","_vb"
"2743","lambaste","verb","y","strongsubj","lambast","_vb"
"2746","lament","verb","y","strongsubj","lament","_vb"
"2750","languish","verb","y","strongsubj","languish","_vb"
"2760","laugh","verb","y","strongsubj","laugh","_vb"
"2773","leak","verb","y","weaksubj","leak","_vb"
"2783","lecture","verb","y","weaksubj","lectur","_vb"
"2786","leech","verb","y","strongsubj","leech","_vb"
"2788","leer","verb","y","strongsubj","leer","_vb"
"2793","lessen","verb","y","weaksubj","lessen","_vb"
"2822","limit","verb","y","weaksubj","limit","_vb"
"2834","loathe","verb","y","strongsubj","loath","_vb"
"2844","long","verb","y","strongsubj","long","_vb"
"2854","lose","verb","y","weaksubj","lose","_vb"
"2868","lull","verb","y","weaksubj","lull","_vb"
"2872","lurch","verb","y","strongsubj","lurch","_vb"
"2873","lure","verb","y","strongsubj","lure","_vb"
"2875","lurk","verb","y","strongsubj","lurk","_vb"
"2877","lure","verb","y","strongsubj","lure","_vb"
"2881","madden","verb","y","strongsubj","madden","_vb"
"2897","maledict","verb","y","strongsubj","maledict","_vb"
"2906","malign","verb","y","strongsubj","malign","_vb"
"2913","mangle","verb","y","strongsubj","mangl","_vb"
"2918","manipulate","verb","y","weaksubj","manipul","_vb"
"2925","mar","verb","y","strongsubj","mar","_vb"
"2931","massacre","verb","y","strongsubj","massacr","_vb"
"2943","meddle","verb","y","strongsubj","meddl","_vb"
"2951","menace","verb","y","strongsubj","menac","_vb"
"2967","miff","verb","y","weaksubj","miff","_vb"
"2970","mind","verb","y","weaksubj","mind","_vb"
"2976","mire","verb","y","strongsubj","mire","_vb"
"2977","misapprehend","verb","y","weaksubj","misapprehend","_vb"
"2979","misbecome","verb","y","strongsubj","misbecom","_vb"
"2981","misbehave","verb","y","strongsubj","misbehav","_vb"
"2983","miscalculate","verb","y","weaksubj","miscalcul","_vb"
"3009","misguide","verb","y","strongsubj","misguid","_vb"
"3011","mishandle","verb","y","strongsubj","mishandl","_vb"
"3013","misinform","verb","y","strongsubj","misinform","_vb"
"3015","misinterpret","verb","y","strongsubj","misinterpret","_vb"
"3016","misjudge","verb","y","strongsubj","misjudg","_vb"
"3019","mislead","verb","y","strongsubj","mislead","_vb"
"3022","mislike","verb","y","strongsubj","mislik","_vb"
"3023","mismanage","verb","y","strongsubj","mismanag","_vb"
"3024","misread","verb","y","strongsubj","misread","_vb"
"3027","misrepresent","verb","y","strongsubj","misrepres","_vb"
"3029","miss","verb","y","weaksubj","miss","_vb"
"3033","mistaken","verb","y","strongsubj","mistaken","_vb"
"3048","misuse","verb","y","strongsubj","misus","_vb"
"3049","moan","verb","y","strongsubj","moan","_vb"
"3051","mock","verb","y","strongsubj","mock","_vb"
"3056","molest","verb","y","strongsubj","molest","_vb"
"3066","moon","verb","y","weaksubj","moon","_vb"
"3068","mope","verb","y","weaksubj","mope","_vb"
"3076","mortify","verb","y","strongsubj","mortifi","_vb"
"3081","mourn","verb","y","strongsubj","mourn","_vb"
"3085","muddle","verb","y","weaksubj","muddl","_vb"
"3094","murder","verb","y","weaksubj","murder","_vb"
"3102","mystify","verb","y","weaksubj","mystifi","_vb"
"3106","nag","verb","y","strongsubj","nag","_vb"
"3119","nauseate","verb","y","weaksubj","nauseat","_vb"
"3132","negate","verb","y","weaksubj","negat","_vb"
"3136","neglect","verb","y","strongsubj","neglect","_vb"
"3142","nettle","verb","y","weaksubj","nettl","_vb"
"3149","niggle","verb","y","weaksubj","niggl","_vb"
"3153","nix","verb","y","strongsubj","nix","_vb"
"3164","numb","verb","y","weaksubj","numb","_vb"
"3167","object","verb","y","strongsubj","object","_vb"
"3174","obliterate","verb","y","strongsubj","obliter","_vb"
"3184","obscure","verb","y","strongsubj","obscur","_vb"
"3186","obsess","verb","y","strongsubj","obsess","_vb"
"3197","obstruct","verb","y","weaksubj","obstruct","_vb"
"3213","offend","verb","y","strongsubj","offend","_vb"
"3226","omit","verb","y","weaksubj","omit","_vb"
"3236","oppose","verb","y","strongsubj","oppos","_vb"
"3241","oppress","verb","y","strongsubj","oppress","_vb"
"3251","ostracize","verb","y","strongsubj","ostrac","_vb"
"3263","outrage","verb","y","strongsubj","outrag","_vb"
"3275","overact","verb","y","strongsubj","overact","_vb"
"3277","overawe","verb","y","weaksubj","overaw","_vb"
"3278","overbalance","verb","y","weaksubj","overbal","_vb"
"3283","overcome","verb","y","strongsubj","overcom","_vb"
"3284","overdo","verb","y","strongsubj","overdo","_vb"
"3287","overemphasize","verb","y","strongsubj","overemphas","_vb"
"3289","overlook","verb","y","strongsubj","overlook","_vb"
"3290","overplay","verb","y","strongsubj","overplai","_vb"
"3291","overpower","verb","y","weaksubj","overpow","_vb"
"3292","overreach","verb","y","weaksubj","overreach","_vb"
"3293","overrun","verb","y","weaksubj","overrun","_vb"
"3294","overshadow","verb","y","weaksubj","overshadow","_vb"
"3298","oversimplify","verb","y","weaksubj","oversimplifi","_vb"
"3305","overthrow","verb","y","weaksubj","overthrow","_vb"
"3306","overturn","verb","y","weaksubj","overturn","_vb"
"3307","overwhelm","verb","y","weaksubj","overwhelm","_vb"
"3315","pain","verb","y","weaksubj","pain","_vb"
"3323","pan","verb","y","weaksubj","pan","_vb"
"3326","panic","verb","y","strongsubj","panic","_vb"
"3336","parody","verb","y","strongsubj","parodi","_vb"
"3350","patronize","verb","y","strongsubj","patron","_vb"
"3362","peeve","verb","y","strongsubj","peev","_vb"
"3366","penalize","verb","y","strongsubj","penal","_vb"
"3377","perish","verb","y","strongsubj","perish","_vb"
"3379","perplex","verb","y","strongsubj","perplex","_vb"
"3383","persecute","verb","y","strongsubj","persecut","_vb"
"3389","perturb","verb","y","strongsubj","perturb","_vb"
"3395","pervert","verb","y","strongsubj","pervert","_vb"
"3402","petrify","verb","y","strongsubj","petrifi","_vb"
"3404","pettifog","verb","y","strongsubj","pettifog","_vb"
"3411","pillory","verb","y","strongsubj","pillori","_vb"
"3413","pinch","verb","y","weaksubj","pinch","_vb"
"3414","pine","verb","y","strongsubj","pine","_vb"
"3415","pique","verb","y","weaksubj","piqu","_vb"
"3423","pity","verb","y","strongsubj","piti","_vb"
"3424","plagiarize","verb","y","strongsubj","plagiar","_vb"
"3427","plague","verb","y","weaksubj","plagu","_vb"
"3435","plot","verb","y","strongsubj","plot","_vb"
"3440","plunder","verb","y","strongsubj","plunder","_vb"
"3450","polemize","verb","y","strongsubj","polem","_vb"
"3451","pollute","verb","y","weaksubj","pollut","_vb"
"3462","pout","verb","y","strongsubj","pout","_vb"
"3465","prate","verb","y","strongsubj","prate","_vb"
"3467","prattle","verb","y","strongsubj","prattl","_vb"
"3470","precipitate","verb","y","strongsubj","precipit","_vb"
"3474","prejudge","verb","y","strongsubj","prejudg","_vb"
"3479","preoccupy","verb","y","weaksubj","preoccupi","_vb"
"3484","presume","verb","y","strongsubj","presum","_vb"
"3495","prevaricate","verb","y","strongsubj","prevar","_vb"
"3497","prickle","verb","y","strongsubj","prickl","_vb"
"3510","procrastinate","verb","y","strongsubj","procrastin","_vb"
"3513","profane","verb","y","strongsubj","profan","_vb"
"3515","prohibit","verb","y","weaksubj","prohibit","_vb"
"3520","propagandize","verb","y","strongsubj","propagand","_vb"
"3525","prosecute","verb","y","strongsubj","prosecut","_vb"
"3528","protest","verb","y","strongsubj","protest","_vb"
"3536","provoke","verb","y","strongsubj","provok","_vb"
"3537","pry","verb","y","weaksubj","pry","_vb"
"3543","punish","verb","y","strongsubj","punish","_vb"
"3552","puzzle","verb","y","strongsubj","puzzl","_vb"
"3556","quack","verb","y","strongsubj","quack","_vb"
"3562","quarrel","verb","y","strongsubj","quarrel","_vb"
"3567","quash","verb","y","strongsubj","quash","_vb"
"3571","quibble","verb","y","strongsubj","quibbl","_vb"
"3572","quit","verb","y","weaksubj","quit","_vb"
"3581","rack","verb","y","strongsubj","rack","_vb"
"3590","rage","verb","y","strongsubj","rage","_vb"
"3593","rail","verb","y","strongsubj","rail","_vb"
"3594","rampage","verb","y","strongsubj","rampag","_vb"
"3599","rankle","verb","y","strongsubj","rankl","_vb"
"3601","rant","verb","y","strongsubj","rant","_vb"
"3607","rationalize","verb","y","strongsubj","ration","_vb"
"3608","rattle","verb","y","strongsubj","rattl","_vb"
"3609","ravage","verb","y","strongsubj","ravag","_vb"
"3613","rebuff","verb","y","strongsubj","rebuff","_vb"
"3614","rebuke","verb","y","strongsubj","rebuk","_vb"
"3616","recant","verb","y","strongsubj","recant","_vb"
"3622","recoil","verb","y","strongsubj","recoil","_vb"
"3632","refute","verb","y","strongsubj","refut","_vb"
"3633","regress","verb","y","weaksubj","regress","_vb"
"3638","regret","verb","y","strongsubj","regret","_vb"
"3643","reject","verb","y","strongsubj","reject","_vb"
"3646","relapse","verb","y","weaksubj","relaps","_vb"
"3662","renounce","verb","y","strongsubj","renounc","_vb"
"3664","repel","verb","y","weaksubj","repel","_vb"
"3671","repress","verb","y","weaksubj","repress","_vb"
"3675","reprimand","verb","y","strongsubj","reprimand","_vb"
"3678","reproach","verb","y","strongsubj","reproach","_vb"
"3680","reprove","verb","y","strongsubj","reprov","_vb"
"3682","repudiate","verb","y","strongsubj","repudi","_vb"
"3685","repugn","verb","y","strongsubj","repugn","_vb"
"3689","repulse","verb","y","weaksubj","repuls","_vb"
"3695","resent","verb","y","strongsubj","resent","_vb"
"3709","restrict","verb","y","weaksubj","restrict","_vb"
"3713","retaliate","verb","y","weaksubj","retali","_vb"
"3715","retard","verb","y","weaksubj","retard","_vb"
"3717","retire","verb","y","weaksubj","retir","_vb"
"3718","retract","verb","y","weaksubj","retract","_vb"
"3720","retreat","verb","y","weaksubj","retreat","_vb"
"3722","revenge","verb","y","strongsubj","reveng","_vb"
"3725","revert","verb","y","weaksubj","revert","_vb"
"3726","revile","verb","y","strongsubj","revil","_vb"
"3728","revoke","verb","y","weaksubj","revok","_vb"
"3729","revolt","verb","y","weaksubj","revolt","_vb"
"3734","rhapsodize","verb","y","weaksubj","rhapsod","_vb"
"3739","rid","verb","y","strongsubj","rid","_vb"
"3741","ridicule","verb","y","strongsubj","ridicul","_vb"
"3752","rile","verb","y","strongsubj","rile","_vb"
"3758","rival","verb","y","weaksubj","rival","_vb"
"3768","rot","verb","y","weaksubj","rot","_vb"
"3774","rue","verb","y","strongsubj","rue","_vb"
"3776","ruffle","verb","y","weaksubj","ruffl","_vb"
"3779","ruin","verb","y","weaksubj","ruin","_vb"
"3789","rumple","verb","y","strongsubj","rumpl","_vb"
"3793","rupture","verb","y","weaksubj","ruptur","_vb"
"3798","sabotage","verb","y","strongsubj","sabotag","_vb"
"3803","sadden","verb","y","strongsubj","sadden","_vb"
"3806","sag","verb","y","weaksubj","sag","_vb"
"3810","sap","verb","y","strongsubj","sap","_vb"
"3817","sass","verb","y","strongsubj","sass","_vb"
"3819","satirize","verb","y","strongsubj","satir","_vb"
"3822","savage","verb","y","strongsubj","savag","_vb"
"3829","scandalize","verb","y","strongsubj","scandal","_vb"
"3837","scar","verb","y","strongsubj","scar","_vb"
"3842","scare","verb","y","strongsubj","scare","_vb"
"3854","scheme","verb","y","weaksubj","scheme","_vb"
"3856","scoff","verb","y","strongsubj","scoff","_vb"
"3858","scold","verb","y","strongsubj","scold","_vb"
"3863","scorn","verb","y","strongsubj","scorn","_vb"
"3869","scowl","verb","y","strongsubj","scowl","_vb"
"3870","scream","verb","y","strongsubj","scream","_vb"
"3872","screech","verb","y","strongsubj","screech","_vb"
"3873","screw","verb","y","weaksubj","screw","_vb"
"3882","seethe","verb","y","strongsubj","seeth","_vb"
"3908","sermonize","verb","y","strongsubj","sermon","_vb"
"3918","shadow","verb","y","strongsubj","shadow","_vb"
"3921","shake","verb","y","weaksubj","shake","_vb"
"3927","shame","verb","y","strongsubj","shame","_vb"
"3939","shatter","verb","y","strongsubj","shatter","_vb"
"3941","shirk","verb","y","strongsubj","shirk","_vb"
"3944","shiver","verb","y","strongsubj","shiver","_vb"
"3947","shock","verb","y","strongsubj","shock","_vb"
"3953","shortchange","verb","y","strongsubj","shortchang","_vb"
"3961","shred","verb","y","weaksubj","shred","_vb"
"3963","shriek","verb","y","strongsubj","shriek","_vb"
"3967","shrivel","verb","y","strongsubj","shrivel","_vb"
"3968","shroud","verb","y","strongsubj","shroud","_vb"
"3971","shrug","verb","y","weaksubj","shrug","_vb"
"3972","shun","verb","y","strongsubj","shun","_vb"
"3978","sicken","verb","y","weaksubj","sicken","_vb"
"3984","sidetrack","verb","y","strongsubj","sidetrack","_vb"
"3989","simmer","verb","y","strongsubj","simmer","_vb"
"4013","skulk","verb","y","strongsubj","skulk","_vb"
"4017","slander","verb","y","strongsubj","slander","_vb"
"4023","slap","verb","y","strongsubj","slap","_vb"
"4028","slaughter","verb","y","weaksubj","slaughter","_vb"
"4035","slight","verb","y","weaksubj","slight","_vb"
"4054","smash","verb","y","weaksubj","smash","_vb"
"4055","smear","verb","y","weaksubj","smear","_vb"
"4059","smolder","verb","y","strongsubj","smolder","_vb"
"4061","smother","verb","y","strongsubj","smother","_vb"
"4062","smoulder","verb","y","strongsubj","smoulder","_vb"
"4072","snarl","verb","y","weaksubj","snarl","_vb"
"4073","snatch","verb","y","weaksubj","snatch","_vb"
"4075","sneak","verb","y","weaksubj","sneak","_vb"
"4079","sneer","verb","y","strongsubj","sneer","_vb"
"4082","snub","verb","y","strongsubj","snub","_vb"
"4085","sob","verb","y","strongsubj","sob","_vb"
"4087","sober","verb","y","weaksubj","sober","_vb"
"4097","sorrow","verb","y","weaksubj","sorrow","_vb"
"4106","spank","verb","y","strongsubj","spank","_vb"
"4116","split","verb","y","weaksubj","split","_vb"
"4118","spoil","verb","y","strongsubj","spoil","_vb"
"4119","spook","verb","y","strongsubj","spook","_vb"
"4126","spoon-feed","verb","y","strongsubj","spoon-fe","_vb"
"4132","spurn","verb","y","strongsubj","spurn","_vb"
"4133","sputter","verb","y","strongsubj","sputter","_vb"
"4134","squabble","verb","y","strongsubj","squabbl","_vb"
"4136","squander","verb","y","strongsubj","squander","_vb"
"4137","squash","verb","y","strongsubj","squash","_vb"
"4138","squirm","verb","y","strongsubj","squirm","_vb"
"4139","stab","verb","y","weaksubj","stab","_vb"
"4140","stagger","verb","y","weaksubj","stagger","_vb"
"4144","stagnate","verb","y","strongsubj","stagnat","_vb"
"4147","stain","verb","y","weaksubj","stain","_vb"
"4152","stammer","verb","y","strongsubj","stammer","_vb"
"4158","startle","verb","y","strongsubj","startl","_vb"
"4162","starve","verb","y","weaksubj","starv","_vb"
"4164","steal","verb","y","weaksubj","steal","_vb"
"4174","stew","verb","y","strongsubj","stew","_vb"
"4177","stifle","verb","y","strongsubj","stifl","_vb"
"4181","stigma","verb","y","strongsubj","stigma","_vb"
"4182","stigmatize","verb","y","strongsubj","stigmat","_vb"
"4185","sting","verb","y","weaksubj","sting","_vb"
"4189","stink","verb","y","strongsubj","stink","_vb"
"4198","storm","verb","y","weaksubj","storm","_vb"
"4200","straggle","verb","y","weaksubj","straggl","_vb"
"4203","strain","verb","y","weaksubj","strain","_vb"
"4210","strangle","verb","y","weaksubj","strangl","_vb"
"4213","stress","verb","y","strongsubj","stress","_vb"
"4222","strike","verb","y","weaksubj","strike","_vb"
"4225","struck","verb","y","weaksubj","struck","_vb"
"4228","strut","verb","y","strongsubj","strut","_vb"
"4234","stump","verb","y","weaksubj","stump","_vb"
"4235","stun","verb","y","weaksubj","stun","_vb"
"4242","stupify","verb","y","strongsubj","stupifi","_vb"
"4250","subjugate","verb","y","strongsubj","subjug","_vb"
"4257","subside","verb","y","weaksubj","subsid","_vb"
"4259","subtract","verb","y","weaksubj","subtract","_vb"
"4263","subvert","verb","y","weaksubj","subvert","_vb"
"4264","succumb","verb","y","strongsubj","succumb","_vb"
"4266","suffer","verb","y","weaksubj","suffer","_vb"
"4272","suffocate","verb","y","strongsubj","suffoc","_vb"
"4273","sugar-coat","verb","y","strongsubj","sugar-coat","_vb"
"4278","sulk","verb","y","strongsubj","sulk","_vb"
"4280","sully","verb","y","strongsubj","sulli","_vb"
"4281","sunder","verb","y","strongsubj","sunder","_vb"
"4292","suppress","verb","y","weaksubj","suppress","_vb"
"4310","swagger","verb","y","strongsubj","swagger","_vb"
"4313","swindle","verb","y","strongsubj","swindl","_vb"
"4316","swoon","verb","y","weaksubj","swoon","_vb"
"4323","sympathize","verb","y","strongsubj","sympath","_vb"
"4331","taint","verb","y","strongsubj","taint","_vb"
"4333","tamper","verb","y","weaksubj","tamper","_vb"
"4337","tarnish","verb","y","weaksubj","tarnish","_vb"
"4340","taunt","verb","y","strongsubj","taunt","_vb"
"4345","tease","verb","y","weaksubj","teas","_vb"
"4352","temper","verb","y","weaksubj","temper","_vb"
"4371","terrorize","verb","y","strongsubj","terror","_vb"
"4374","thirst","verb","y","strongsubj","thirst","_vb"
"4380","thrash","verb","y","weaksubj","thrash","_vb"
"4383","threaten","verb","y","weaksubj","threaten","_vb"
"4388","throttle","verb","y","strongsubj","throttl","_vb"
"4389","throw","verb","y","weaksubj","throw","_vb"
"4390","thumb","verb","y","weaksubj","thumb","_vb"
"4393","thwart","verb","y","strongsubj","thwart","_vb"
"4399","tire","verb","y","weaksubj","tire","_vb"
"4405","toil","verb","y","strongsubj","toil","_vb"
"4409","topple","verb","y","weaksubj","toppl","_vb"
"4411","torment","verb","y","strongsubj","torment","_vb"
"4415","torture","verb","y","weaksubj","tortur","_vb"
"4425","traduce","verb","y","strongsubj","traduc","_vb"
"4435","trample","verb","y","strongsubj","trampl","_vb"
"4436","transgress","verb","y","weaksubj","transgress","_vb"
"4443","traumatize","verb","y","strongsubj","traumat","_vb"
"4447","travesty","verb","y","strongsubj","travesti","_vb"
"4461","trivialize","verb","y","strongsubj","trivial","_vb"
"4466","trouble","verb","y","weaksubj","troubl","_vb"
"4475","try","verb","y","weaksubj","try","_vb"
"4481","twist","verb","y","strongsubj","twist","_vb"
"4535","underestimate","verb","y","strongsubj","underestim","_vb"
"4538","undermine","verb","y","strongsubj","undermin","_vb"
"4607","unleash","verb","y","strongsubj","unleash","_vb"
"4616","unnerve","verb","y","strongsubj","unnerv","_vb"
"4657","unsettle","verb","y","strongsubj","unsettl","_vb"
"4699","upbraid","verb","y","strongsubj","upbraid","_vb"
"4707","uproot","verb","y","weaksubj","uproot","_vb"
"4709","upset","verb","y","weaksubj","upset","_vb"
"4719","usurp","verb","y","strongsubj","usurp","_vb"
"4729","vanish","verb","y","weaksubj","vanish","_vb"
"4748","vex","verb","y","strongsubj","vex","_vb"
"4756","victimize","verb","y","strongsubj","victim","_vb"
"4757","vie","verb","y","strongsubj","vie","_vb"
"4760","vilify","verb","y","strongsubj","vilifi","_vb"
"4768","villify","verb","y","strongsubj","villifi","_vb"
"4772","violate","verb","y","strongsubj","violat","_vb"
"4791","vomit","verb","y","weaksubj","vomit","_vb"
"4793","wail","verb","y","strongsubj","wail","_vb"
"4794","wallow","verb","y","weaksubj","wallow","_vb"
"4795","wane","verb","y","weaksubj","wane","_vb"
"4807","warp","verb","y","weaksubj","warp","_vb"
"4813","waste","verb","y","weaksubj","wast","_vb"
"4820","weaken","verb","y","strongsubj","weaken","_vb"
"4831","weary","verb","y","weaksubj","weari","_vb"
"4836","weep","verb","y","weaksubj","weep","_vb"
"4841","wheedle","verb","y","strongsubj","wheedl","_vb"
"4842","whimper","verb","y","strongsubj","whimper","_vb"
"4844","whine","verb","y","strongsubj","whine","_vb"
"4854","wilt","verb","y","strongsubj","wilt","_vb"
"4856","wince","verb","y","strongsubj","winc","_vb"
"4864","worn","verb","y","weaksubj","worn","_vb"
"4873","worry","verb","y","strongsubj","worri","_vb"
"4885","wound","verb","y","weaksubj","wound","_vb"
"4889","wreck","verb","y","weaksubj","wreck","_vb"
"4890","wrangle","verb","y","strongsubj","wrangl","_vb"
"4892","wrest","verb","y","strongsubj","wrest","_vb"
"4893","wrestle","verb","y","weaksubj","wrestl","_vb"
"4898","writhe","verb","y","weaksubj","writh","_vb"
"4906","yawn","verb","y","strongsubj","yawn","_vb"
"4907","yelp","verb","y","strongsubj","yelp","_vb"
