"","words","pos","stemmed","type","stems","postag","pattern"
"1","abandon","verb","y","weaksubj","abandon","_vb","^abandon[a-z]*_vb"
"2","abase","verb","y","strongsubj","abas","_vb","^abas[a-z]*_vb"
"3","abash","verb","y","strongsubj","abash","_vb","^abash[a-z]*_vb"
"4","abate","verb","y","weaksubj","abat","_vb","^abat[a-z]*_vb"
"5","abdicate","verb","y","weaksubj","abdicat","_vb","^abdicat[a-z]*_vb"
"6","abhor","verb","y","strongsubj","abhor","_vb","^abhor[a-z]*_vb"
"7","abjure","verb","y","weaksubj","abjur","_vb","^abjur[a-z]*_vb"
"8","abolish","verb","y","weaksubj","abolish","_vb","^abolish[a-z]*_vb"
"9","abominate","verb","y","strongsubj","abominat","_vb","^abominat[a-z]*_vb"
"10","abrade","verb","y","weaksubj","abrad","_vb","^abrad[a-z]*_vb"
"11","abscond","verb","y","strongsubj","abscond","_vb","^abscond[a-z]*_vb"
"12","abuse","verb","y","strongsubj","abus","_vb","^abus[a-z]*_vb"
"13","accost","verb","y","weaksubj","accost","_vb","^accost[a-z]*_vb"
"14","accuse","verb","y","strongsubj","accus","_vb","^accus[a-z]*_vb"
"15","acerbate","verb","y","strongsubj","acerbat","_vb","^acerbat[a-z]*_vb"
"16","ache","verb","y","strongsubj","ach","_vb","^ach[a-z]*_vb"
"17","admonish","verb","y","strongsubj","admonish","_vb","^admonish[a-z]*_vb"
"18","adulterate","verb","y","strongsubj","adulterat","_vb","^adulterat[a-z]*_vb"
"19","adversary","noun","y","weaksubj","adversar","_nn","^adversar[a-z]*_vb"
"20","afflict","verb","y","weaksubj","afflict","_vb","^afflict[a-z]*_vb"
"21","affront","verb","y","strongsubj","affront","_vb","^affront[a-z]*_vb"
"22","aggravate","verb","y","strongsubj","aggravat","_vb","^aggravat[a-z]*_vb"
"23","aggrieve","verb","y","strongsubj","aggriev","_vb","^aggriev[a-z]*_vb"
"24","agitate","verb","y","strongsubj","agit","_vb","^agit[a-z]*_vb"
"25","agonize","verb","y","strongsubj","agoni","_vb","^agoni[a-z]*_vb"
"26","ail","verb","y","weaksubj","ail","_vb","^ail[a-z]*_vb"
"27","alarm","verb","y","weaksubj","alarm","_vb","^alarm[a-z]*_vb"
"28","alienate","verb","y","weaksubj","alienat","_vb","^alienat[a-z]*_vb"
"29","ambush","verb","y","weaksubj","ambush","_vb","^ambush[a-z]*_vb"
"30","amputate","verb","y","weaksubj","aputat","_vb","^aputat[a-z]*_vb"
"31","anger","verb","y","strongsubj","anger","_vb","^anger[a-z]*_vb"
"32","anguish","verb","y","strongsubj","anguish","_vb","^anguish[a-z]*_vb"
"33","annihilate","verb","y","strongsubj","annihilat","_vb","^annihilat[a-z]*_vb"
"34","annoy","verb","y","strongsubj","annoy","_vb","^annoy[a-z]*_vb"
"35","antagonize","verb","y","strongsubj","antagoni","_vb","^antagoni[a-z]*_vb"
"36","aping","verb","y","strongsubj","aping","_vb","^aping[a-z]*_vb"
"37","ape","verb","y","strongsubj","ape","_vb","^ape[a-z]*_vb"
"38","appal","verb","y","strongsubj","appal","_vb","^appal[a-z]*_vb"
"39","appall","verb","y","strongsubj","appall","_vb","^appall[a-z]*_vb"
"40","argue","verb","y","strongsubj","argu","_vb","^argu[a-z]*_vb"
"41","asperse","verb","y","strongsubj","aspers","_vb","^aspers[a-z]*_vb"
"42","assail","verb","y","weaksubj","assail","_vb","^assail[a-z]*_vb"
"43","assassinate","verb","y","weaksubj","assassinat","_vb","^assassinat[a-z]*_vb"
"44","atrophy","verb","y","weaksubj","atrophy","_vb","^atrophy[a-z]*_vb"
"45","atrophy","verb","y","strongsubj","atrophi","_vb","^atrophi[a-z]*_vb"
"46","attack","verb","y","weaksubj","attack","_vb","^attack[a-z]*_vb"
"47","avenge","verb","y","strongsubj","aveng","_vb","^aveng[a-z]*_vb"
"48","avoid","verb","y","weaksubj","avoid","_vb","^avoid[a-z]*_vb"
"49","ax","verb","y","strongsubj","ax","_vb","^ax[a-z]*_vb"
"50","babble","verb","y","strongsubj","babbl","_vb","^babbl[a-z]*_vb"
"51","backbite","verb","y","strongsubj","backbit","_vb","^backbit[a-z]*_vb"
"52","baffle","verb","y","strongsubj","baffl","_vb","^baffl[a-z]*_vb"
"53","bait","verb","y","strongsubj","bait","_vb","^bait[a-z]*_vb"
"54","balk","verb","y","strongsubj","balk","_vb","^balk[a-z]*_vb"
"55","banalize","verb","y","strongsubj","banali","_vb","^banali[a-z]*_vb"
"56","banish","verb","y","strongsubj","banish","_vb","^banish[a-z]*_vb"
"57","bankrupt","verb","y","weaksubj","bankrupt","_vb","^bankrupt[a-z]*_vb"
"58","bar","verb","y","weaksubj","bar","_vb","^bar[a-z]*_vb"
"59","battle","verb","y","weaksubj","battl","_vb","^battl[a-z]*_vb"
"60","befoul","verb","y","strongsubj","befoul","_vb","^befoul[a-z]*_vb"
"61","beg","verb","y","strongsubj","beg","_vb","^beg[a-z]*_vb"
"62","beguile","verb","y","strongsubj","beguil","_vb","^beguil[a-z]*_vb"
"63","belabor","verb","y","strongsubj","belabor","_vb","^belabor[a-z]*_vb"
"64","beleaguer","verb","y","strongsubj","beleagu","_vb","^beleagu[a-z]*_vb"
"65","belying","verb","y","strongsubj","belying","_vb","^belying[a-z]*_vb"
"66","belie","verb","y","strongsubj","beli","_vb","^beli[a-z]*_vb"
"67","belittle","verb","y","strongsubj","belittl","_vb","^belittl[a-z]*_vb"
"68","bemoan","verb","y","strongsubj","bemoan","_vb","^bemoan[a-z]*_vb"
"69","berate","verb","y","strongsubj","berat","_vb","^berat[a-z]*_vb"
"70","bereave","verb","y","strongsubj","bereav","_vb","^bereav[a-z]*_vb"
"71","beseech","verb","y","strongsubj","beseech","_vb","^beseech[a-z]*_vb"
"72","besiege","verb","y","weaksubj","besieg","_vb","^besieg[a-z]*_vb"
"73","besmirch","verb","y","strongsubj","besmirch","_vb","^besmirch[a-z]*_vb"
"74","betraying","verb","a","strongsubj","betraying","_vb","^betraying[a-z]*_vb"
"75","betray","verb","y","strongsubj","betrai","_vb","^betrai[a-z]*_vb"
"76","bewail","verb","y","strongsubj","bewail","_vb","^bewail[a-z]*_vb"
"77","beware","verb","y","weaksubj","bewar","_vb","^bewar[a-z]*_vb"
"78","bewilder","verb","y","strongsubj","bewild","_vb","^bewild[a-z]*_vb"
"79","bewitch","verb","y","strongsubj","bewitch","_vb","^bewitch[a-z]*_vb"
"80","bias","verb","y","strongsubj","bias","_vb","^bias[a-z]*_vb"
"81","bicker","verb","y","strongsubj","bicker","_vb","^bicker[a-z]*_vb"
"82","bitch","verb","y","strongsubj","bitch","_vb","^bitch[a-z]*_vb"
"83","blab","verb","y","strongsubj","blab","_vb","^blab[a-z]*_vb"
"84","blabber","verb","y","strongsubj","blabber","_vb","^blabber[a-z]*_vb"
"85","blackmail","verb","y","weaksubj","blackmail","_vb","^blackmail[a-z]*_vb"
"86","blaming","verb","y","weaksubj","blaming","_vb","^blaming[a-z]*_vb"
"87","blame","verb","y","strongsubj","blame","_vb","^blame[a-z]*_vb"
"88","blandish","verb","y","strongsubj","blandish","_vb","^blandish[a-z]*_vb"
"89","blaspheme","verb","y","strongsubj","blasphem","_vb","^blasphem[a-z]*_vb"
"90","blather","verb","y","strongsubj","blather","_vb","^blather[a-z]*_vb"
"91","bleed","verb","y","weaksubj","bleed","_vb","^bleed[a-z]*_vb"
"92","blemish","verb","y","weaksubj","blemish","_vb","^blemish[a-z]*_vb"
"93","blindside","verb","y","strongsubj","blindsid","_vb","^blindsid[a-z]*_vb"
"94","blister","verb","y","strongsubj","blister","_vb","^blister[a-z]*_vb"
"95","block","verb","y","weaksubj","block","_vb","^block[a-z]*_vb"
"96","blur","verb","y","weaksubj","blur","_vb","^blur[a-z]*_vb"
"97","blurt","verb","y","strongsubj","blurt","_vb","^blurt[a-z]*_vb"
"98","boast","verb","y","strongsubj","boast","_vb","^boast[a-z]*_vb"
"99","boggle","verb","y","strongsubj","boggl","_vb","^boggl[a-z]*_vb"
"100","boil","verb","y","strongsubj","boil","_vb","^boil[a-z]*_vb"
"101","bombard","verb","y","weaksubj","bombard","_vb","^bombard[a-z]*_vb"
"102","bomb","verb","y","weaksubj","bomb","_vb","^bomb[a-z]*_vb"
"103","boring","verb","y","weaksubj","boring","_vb","^boring[a-z]*_vb"
"104","bore","verb","y","strongsubj","bore","_vb","^bore[a-z]*_vb"
"105","botch","verb","y","strongsubj","botch","_vb","^botch[a-z]*_vb"
"106","bother","verb","y","strongsubj","bother","_vb","^bother[a-z]*_vb"
"107","bowdlerize","verb","y","strongsubj","bowdleri","_vb","^bowdleri[a-z]*_vb"
"108","brainwash","verb","y","strongsubj","brainwash","_vb","^brainwash[a-z]*_vb"
"109","break","verb","y","weaksubj","break","_vb","^break[a-z]*_vb"
"110","breakdown","verb","y","weaksubj","breakdown","_vb","^breakdown[a-z]*_vb"
"111","bristle","verb","y","strongsubj","bristl","_vb","^bristl[a-z]*_vb"
"112","brood","verb","y","strongsubj","brood","_vb","^brood[a-z]*_vb"
"113","browbeat","verb","y","strongsubj","browbeat","_vb","^browbeat[a-z]*_vb"
"114","brutalize","verb","y","strongsubj","brutal","_vb","^brutal[a-z]*_vb"
"115","bug","verb","y","weaksubj","bug","_vb","^bug[a-z]*_vb"
"116","buckle","verb","y","weaksubj","buckl","_vb","^buckl[a-z]*_vb"
"117","bungle","verb","y","strongsubj","bungl","_vb","^bungl[a-z]*_vb"
"118","burn","verb","y","strongsubj","burn","_vb","^burn[a-z]*_vb"
"119","butcher","verb","y","weaksubj","butcher","_vb","^butcher[a-z]*_vb"
"120","cackle","verb","y","strongsubj","cackl","_vb","^cackl[a-z]*_vb"
"121","cajole","verb","y","strongsubj","cajol","_vb","^cajol[a-z]*_vb"
"122","calumniate","verb","y","strongsubj","calumni","_vb","^calumni[a-z]*_vb"
"123","cannibalize","verb","y","strongsubj","cannib","_vb","^cannib[a-z]*_vb"
"124","capitulate","verb","y","weaksubj","capitulat","_vb","^capitulat[a-z]*_vb"
"125","capsize","verb","y","weaksubj","capsiz","_vb","^capsiz[a-z]*_vb"
"126","caricature","verb","y","strongsubj","caricatur","_vb","^caricatur[a-z]*_vb"
"127","carp","verb","y","strongsubj","carp","_vb","^carp[a-z]*_vb"
"128","castigate","verb","y","strongsubj","castigat","_vb","^castigat[a-z]*_vb"
"129","casualties","noun","y","weaksubj","casualties","_nn","^casualties[a-z]*_vb"
"130","casualty","noun","y","weaksubj","casualty","_nn","^casualty[a-z]*_vb"
"131","cave","verb","y","weaksubj","cave","_vb","^cave[a-z]*_vb"
"132","censure","verb","y","strongsubj","censur","_vb","^censur[a-z]*_vb"
"133","chafe","verb","y","strongsubj","chafe","_vb","^chafe[a-z]*_vb"
"134","chaff","verb","y","strongsubj","chaff","_vb","^chaff[a-z]*_vb"
"135","chagrin","verb","y","strongsubj","chagrin","_vb","^chagrin[a-z]*_vb"
"136","challenge","verb","y","weaksubj","challeng","_vb","^challeng[a-z]*_vb"
"137","chasten","verb","y","strongsubj","chasten","_vb","^chasten[a-z]*_vb"
"138","chastise","verb","y","strongsubj","chastis","_vb","^chastis[a-z]*_vb"
"139","chatter","verb","y","strongsubj","chatter","_vb","^chatter[a-z]*_vb"
"140","cheapen","verb","y","strongsubj","cheapen","_vb","^cheapen[a-z]*_vb"
"141","cheat","verb","y","strongsubj","cheat","_vb","^cheat[a-z]*_vb"
"142","chiding","verb","y","strongsubj","chiding","_vb","^chiding[a-z]*_vb"
"143","chide","verb","y","strongsubj","chide","_vb","^chide[a-z]*_vb"
"144","chill","verb","y","weaksubj","chill","_vb","^chill[a-z]*_vb"
"145","choking","verb","y","weaksubj","choking","_vb","^choking[a-z]*_vb"
"146","choke","verb","y","weaksubj","choke","_vb","^choke[a-z]*_vb"
"147","clog","verb","y","weaksubj","clog","_vb","^clog[a-z]*_vb"
"148","cloud","verb","y","strongsubj","cloud","_vb","^cloud[a-z]*_vb"
"149","coerce","verb","y","strongsubj","coerc","_vb","^coerc[a-z]*_vb"
"150","collapse","verb","y","weaksubj","collaps","_vb","^collaps[a-z]*_vb"
"151","collide","verb","y","weaksubj","collid","_vb","^collid[a-z]*_vb"
"152","collude","verb","y","strongsubj","collud","_vb","^collud[a-z]*_vb"
"153","commiserate","verb","y","strongsubj","commiserat","_vb","^commiserat[a-z]*_vb"
"154","compel","verb","y","strongsubj","compel","_vb","^compel[a-z]*_vb"
"155","complain","verb","y","strongsubj","complain","_vb","^complain[a-z]*_vb"
"156","complicate","verb","y","weaksubj","complicat","_vb","^complicat[a-z]*_vb"
"157","concede","verb","y","strongsubj","conced","_vb","^conced[a-z]*_vb"
"158","concern","verb","y","weaksubj","concern","_vb","^concern[a-z]*_vb"
"159","condescend","verb","y","strongsubj","condescend","_vb","^condescend[a-z]*_vb"
"160","condemn","verb","y","strongsubj","condemn","_vb","^condemn[a-z]*_vb"
"161","confess","verb","y","strongsubj","confess","_vb","^confess[a-z]*_vb"
"162","confound","verb","y","weaksubj","confound","_vb","^confound[a-z]*_vb"
"163","confront","verb","y","weaksubj","confront","_vb","^confront[a-z]*_vb"
"164","confuse","verb","y","strongsubj","confus","_vb","^confus[a-z]*_vb"
"165","conspire","verb","y","strongsubj","conspir","_vb","^conspir[a-z]*_vb"
"166","constrain","verb","y","weaksubj","constrain","_vb","^constrain[a-z]*_vb"
"167","consume","verb","y","weaksubj","consum","_vb","^consum[a-z]*_vb"
"168","contaminate","verb","y","weaksubj","contaminat","_vb","^contaminat[a-z]*_vb"
"169","contend","verb","y","strongsubj","contend","_vb","^contend[a-z]*_vb"
"170","contort","verb","y","strongsubj","contort","_vb","^contort[a-z]*_vb"
"171","contradict","verb","y","strongsubj","contradict","_vb","^contradict[a-z]*_vb"
"172","contravene","verb","y","strongsubj","contraven","_vb","^contraven[a-z]*_vb"
"173","contrive","verb","y","strongsubj","contriv","_vb","^contriv[a-z]*_vb"
"174","corrode","verb","y","weaksubj","corrod","_vb","^corrod[a-z]*_vb"
"175","corrupt","verb","y","strongsubj","corrupt","_vb","^corrupt[a-z]*_vb"
"176","cow","verb","y","weaksubj","cow","_vb","^cow[a-z]*_vb"
"177","cringe","verb","y","strongsubj","cring","_vb","^cring[a-z]*_vb"
"178","cripple","verb","y","strongsubj","crippl","_vb","^crippl[a-z]*_vb"
"179","criticize","verb","y","strongsubj","critici","_vb","^critici[a-z]*_vb"
"180","crumble","verb","y","weaksubj","crumbl","_vb","^crumbl[a-z]*_vb"
"181","crumple","verb","y","weaksubj","crumpl","_vb","^crumpl[a-z]*_vb"
"182","crush","verb","y","weaksubj","crush","_vb","^crush[a-z]*_vb"
"183","cry","verb","y","strongsubj","crie","_vb","^crie[a-z]*_vb"
"184","cry","verb","y","strongsubj","cry","_vb","^cry[a-z]*_vb"
"185","curse","verb","y","strongsubj","curs","_vb","^curs[a-z]*_vb"
"186","cuss","verb","y","strongsubj","cuss","_vb","^cuss[a-z]*_vb"
"187","cut","verb","y","weaksubj","cut","_vb","^cut[a-z]*_vb"
"188","damn","verb","y","strongsubj","damn","_vb","^damn[a-z]*_vb"
"189","dangle","verb","y","strongsubj","dangl","_vb","^dangl[a-z]*_vb"
"190","darken","verb","y","weaksubj","darken","_vb","^darken[a-z]*_vb"
"191","dash","verb","y","weaksubj","dash","_vb","^dash[a-z]*_vb"
"192","daunt","verb","y","strongsubj","daunt","_vb","^daunt[a-z]*_vb"
"193","dawdle","verb","y","strongsubj","dawdl","_vb","^dawdl[a-z]*_vb"
"194","dazing","verb","y","strongsubj","dazing","_vb","^dazing[a-z]*_vb"
"195","daze","verb","y","strongsubj","daze","_vb","^daze[a-z]*_vb"
"196","deadlock","verb","y","strongsubj","deadlock","_vb","^deadlock[a-z]*_vb"
"197","debase","verb","y","strongsubj","debas","_vb","^debas[a-z]*_vb"
"198","debate","verb","y","strongsubj","debat","_vb","^debat[a-z]*_vb"
"199","debauch","verb","y","strongsubj","debauch","_vb","^debauch[a-z]*_vb"
"200","debilitate","verb","y","weaksubj","debilitat","_vb","^debilitat[a-z]*_vb"
"201","decay","verb","y","strongsubj","decay","_vb","^decay[a-z]*_vb"
"202","deceive","verb","y","strongsubj","deceiv","_vb","^deceiv[a-z]*_vb"
"203","declaim","verb","y","strongsubj","declaim","_vb","^declaim[a-z]*_vb"
"204","decline","verb","y","weaksubj","declin","_vb","^declin[a-z]*_vb"
"205","decrease","verb","y","weaksubj","decreas","_vb","^decreas[a-z]*_vb"
"206","decry","verb","y","strongsubj","decrie","_vb","^decrie[a-z]*_vb"
"207","decry","verb","y","strongsubj","decry","_vb","^decry[a-z]*_vb"
"208","defame","verb","y","strongsubj","defam","_vb","^defam[a-z]*_vb"
"209","defeat","verb","y","weaksubj","defeat","_vb","^defeat[a-z]*_vb"
"210","defile","verb","y","strongsubj","defil","_vb","^defil[a-z]*_vb"
"211","deform","verb","y","weaksubj","deform","_vb","^deform[a-z]*_vb"
"212","defy","verb","y","strongsubj","defy","_vb","^defy[a-z]*_vb"
"213","defy","verb","y","strongsubj","defi","_vb","^defi[a-z]*_vb"
"214","degenerate","verb","y","strongsubj","degenerat","_vb","^degenerat[a-z]*_vb"
"215","degrade","verb","y","strongsubj","degrad","_vb","^degrad[a-z]*_vb"
"216","dehumanize","verb","y","strongsubj","dehumani","_vb","^dehumani[a-z]*_vb"
"217","deign","verb","y","strongsubj","deign","_vb","^deign[a-z]*_vb"
"218","deject","verb","y","strongsubj","deject","_vb","^deject[a-z]*_vb"
"219","delude","verb","y","strongsubj","delud","_vb","^delud[a-z]*_vb"
"220","demean","verb","y","strongsubj","demean","_vb","^demean[a-z]*_vb"
"221","demolish","verb","y","weaksubj","demolish","_vb","^demolish[a-z]*_vb"
"222","demonize","verb","y","strongsubj","demoni","_vb","^demoni[a-z]*_vb"
"223","demoralize","verb","y","strongsubj","demorali","_vb","^demorali[a-z]*_vb"
"224","denigrate","verb","y","strongsubj","denigrat","_vb","^denigrat[a-z]*_vb"
"225","deny","verb","y","strongsubj","deny","_vb","^deny[a-z]*_vb"
"226","deny","verb","y","strongsubj","deni","_vb","^deni[a-z]*_vb"
"227","denounce","verb","y","strongsubj","denounc","_vb","^denounc[a-z]*_vb"
"228","denunciate","verb","y","strongsubj","denunciat","_vb","^denunciat[a-z]*_vb"
"229","deplete","verb","y","weaksubj","deplet","_vb","^deplet[a-z]*_vb"
"230","deplore","verb","y","strongsubj","deplor","_vb","^deplor[a-z]*_vb"
"231","deprave","verb","y","strongsubj","deprav","_vb","^deprav[a-z]*_vb"
"232","deprecate","verb","y","strongsubj","deprecat","_vb","^deprecat[a-z]*_vb"
"233","depress","verb","y","weaksubj","depress","_vb","^depress[a-z]*_vb"
"234","deprive","verb","y","strongsubj","depriv","_vb","^depriv[a-z]*_vb"
"235","deride","verb","y","strongsubj","derid","_vb","^derid[a-z]*_vb"
"236","desecrate","verb","y","strongsubj","desecrat","_vb","^desecrat[a-z]*_vb"
"237","desert","verb","y","strongsubj","desert","_vb","^desert[a-z]*_vb"
"238","despair","verb","y","strongsubj","despair","_vb","^despair[a-z]*_vb"
"239","despise","verb","y","strongsubj","despis","_vb","^despis[a-z]*_vb"
"240","despoil","verb","y","strongsubj","despoil","_vb","^despoil[a-z]*_vb"
"241","destroy","verb","y","weaksubj","destroy","_vb","^destroy[a-z]*_vb"
"242","deter","verb","y","weaksubj","deter","_vb","^deter[a-z]*_vb"
"243","detest","verb","y","strongsubj","detest","_vb","^detest[a-z]*_vb"
"244","detract","verb","y","weaksubj","detract","_vb","^detract[a-z]*_vb"
"245","deviate","verb","y","weaksubj","deviat","_vb","^deviat[a-z]*_vb"
"246","differ","verb","y","weaksubj","differ","_vb","^differ[a-z]*_vb"
"247","digress","verb","y","strongsubj","digress","_vb","^digress[a-z]*_vb"
"248","dilly-dally","verb","y","strongsubj","dilly-dalli","_vb","^dilly-dalli[a-z]*_vb"
"249","dilly-dally","verb","y","strongsubj","dilly-dally","_vb","^dilly-dally[a-z]*_vb"
"250","diminish","verb","y","weaksubj","diminish","_vb","^diminish[a-z]*_vb"
"251","disable","verb","y","weaksubj","disabl","_vb","^disabl[a-z]*_vb"
"252","disaffect","verb","y","strongsubj","disaffect","_vb","^disaffect[a-z]*_vb"
"253","disaffirm","verb","y","strongsubj","disaffirm","_vb","^disaffirm[a-z]*_vb"
"254","disagree","verb","y","strongsubj","disagree","_vb","^disagree[a-z]*_vb"
"255","disallow","verb","y","strongsubj","disallow","_vb","^disallow[a-z]*_vb"
"256","disappoint","verb","y","strongsubj","disappoint","_vb","^disappoint[a-z]*_vb"
"257","disarm","verb","y","weaksubj","disarm","_vb","^disarm[a-z]*_vb"
"258","disavow","verb","y","strongsubj","disavow","_vb","^disavow[a-z]*_vb"
"259","disbelieve","verb","y","strongsubj","disbeliev","_vb","^disbeliev[a-z]*_vb"
"260","disclaim","verb","y","strongsubj","disclaim","_vb","^disclaim[a-z]*_vb"
"261","discombobulate","verb","y","strongsubj","discombobulat","_vb","^discombobulat[a-z]*_vb"
"262","discomfit","verb","y","strongsubj","discomfit","_vb","^discomfit[a-z]*_vb"
"263","discompose","verb","y","weaksubj","discompos","_vb","^discompos[a-z]*_vb"
"264","disconcert","verb","y","strongsubj","disconcert","_vb","^disconcert[a-z]*_vb"
"265","discourage","verb","y","strongsubj","discourag","_vb","^discourag[a-z]*_vb"
"266","discredit","verb","y","strongsubj","discredit","_vb","^discredit[a-z]*_vb"
"267","discriminate","verb","y","weaksubj","discriminat","_vb","^discriminat[a-z]*_vb"
"268","disdain","verb","y","strongsubj","disdain","_vb","^disdain[a-z]*_vb"
"269","disfavor","verb","y","strongsubj","disfavor","_vb","^disfavor[a-z]*_vb"
"270","disgrace","verb","y","strongsubj","disgrac","_vb","^disgrac[a-z]*_vb"
"271","disgruntle","verb","y","strongsubj","disgruntl","_vb","^disgruntl[a-z]*_vb"
"272","disgust","verb","y","strongsubj","disgust","_vb","^disgust[a-z]*_vb"
"273","dishearten","verb","y","strongsubj","dishearten","_vb","^dishearten[a-z]*_vb"
"274","dishonor","verb","y","strongsubj","dishonor","_vb","^dishonor[a-z]*_vb"
"275","disillusion","verb","y","strongsubj","disillusion","_vb","^disillusion[a-z]*_vb"
"276","disintegrate","verb","y","weaksubj","disintegrat","_vb","^disintegrat[a-z]*_vb"
"277","dislike","verb","y","strongsubj","dislik","_vb","^dislik[a-z]*_vb"
"278","dismay","verb","y","strongsubj","dismay","_vb","^dismay[a-z]*_vb"
"279","dismay","verb","y","strongsubj","dismai","_vb","^dismai[a-z]*_vb"
"280","disobey","verb","y","strongsubj","disobey","_vb","^disobey[a-z]*_vb"
"281","disobey","verb","y","strongsubj","disobei","_vb","^disobei[a-z]*_vb"
"282","disown","verb","y","strongsubj","disown","_vb","^disown[a-z]*_vb"
"283","disorder","verb","y","weaksubj","disord","_vb","^disord[a-z]*_vb"
"284","disorient","verb","y","strongsubj","disorient","_vb","^disorient[a-z]*_vb"
"285","disown","verb","y","strongsubj","disown","_vb","^disown[a-z]*_vb"
"286","disparage","verb","y","strongsubj","disparag","_vb","^disparag[a-z]*_vb"
"287","dispirit","verb","y","strongsubj","dispirit","_vb","^dispirit[a-z]*_vb"
"288","displace","verb","y","weaksubj","displac","_vb","^displac[a-z]*_vb"
"289","displease","verb","y","strongsubj","displeas","_vb","^displeas[a-z]*_vb"
"290","disprove","verb","y","strongsubj","disprov","_vb","^disprov[a-z]*_vb"
"291","dispute","verb","y","strongsubj","disput","_vb","^disput[a-z]*_vb"
"292","disquiet","verb","y","strongsubj","disquiet","_vb","^disquiet[a-z]*_vb"
"293","disrespect","verb","y","strongsubj","disrespect","_vb","^disrespect[a-z]*_vb"
"294","disrupt","verb","y","strongsubj","disrupt","_vb","^disrupt[a-z]*_vb"
"295","dissatisfy","verb","y","strongsubj","dissatisfi","_vb","^dissatisfi[a-z]*_vb"
"296","dissatisfy","verb","y","strongsubj","dissatisfy","_vb","^dissatisfy[a-z]*_vb"
"297","dissemble","verb","y","strongsubj","dissembl","_vb","^dissembl[a-z]*_vb"
"298","dissuade","verb","y","strongsubj","dissuad","_vb","^dissuad[a-z]*_vb"
"299","distort","verb","y","strongsubj","distort","_vb","^distort[a-z]*_vb"
"300","distract","verb","y","weaksubj","distract","_vb","^distract[a-z]*_vb"
"301","distress","verb","y","strongsubj","distress","_vb","^distress[a-z]*_vb"
"302","distrust","verb","y","strongsubj","distrust","_vb","^distrust[a-z]*_vb"
"303","disturb","verb","y","strongsubj","disturb","_vb","^disturb[a-z]*_vb"
"304","divide","verb","y","weaksubj","divid","_vb","^divid[a-z]*_vb"
"305","divorce","verb","y","weaksubj","divorc","_vb","^divorc[a-z]*_vb"
"306","dominate","verb","y","weaksubj","dominat","_vb","^dominat[a-z]*_vb"
"307","domineer","verb","y","strongsubj","domineer","_vb","^domineer[a-z]*_vb"
"308","doom","verb","y","strongsubj","doom","_vb","^doom[a-z]*_vb"
"309","doubt","verb","y","strongsubj","doubt","_vb","^doubt[a-z]*_vb"
"310","downgrade","verb","y","weaksubj","downgrad","_vb","^downgrad[a-z]*_vb"
"311","dragoon","verb","y","strongsubj","dragoon","_vb","^dragoon[a-z]*_vb"
"312","dread","verb","y","strongsubj","dread","_vb","^dread[a-z]*_vb"
"313","droop","verb","y","weaksubj","droop","_vb","^droop[a-z]*_vb"
"314","dumbfound","verb","y","strongsubj","dumbfound","_vb","^dumbfound[a-z]*_vb"
"315","dupe","verb","y","strongsubj","dupe","_vb","^dupe[a-z]*_vb"
"316","dwindle","verb","y","weaksubj","dwindl","_vb","^dwindl[a-z]*_vb"
"317","ejaculate","verb","y","strongsubj","ejaculat","_vb","^ejaculat[a-z]*_vb"
"318","eliminate","verb","y","weaksubj","eliminat","_vb","^eliminat[a-z]*_vb"
"319","emasculate","verb","y","strongsubj","emasculat","_vb","^emasculat[a-z]*_vb"
"320","embarrass","verb","y","strongsubj","embarrass","_vb","^embarrass[a-z]*_vb"
"321","embroil","verb","y","strongsubj","embroil","_vb","^embroil[a-z]*_vb"
"322","empathize","verb","y","strongsubj","empathi","_vb","^empathi[a-z]*_vb"
"323","encroach","verb","y","weaksubj","encroach","_vb","^encroach[a-z]*_vb"
"324","endanger","verb","y","strongsubj","endang","_vb","^endang[a-z]*_vb"
"325","enervate","verb","y","strongsubj","enervat","_vb","^enervat[a-z]*_vb"
"326","enfeeble","verb","y","strongsubj","enfeebl","_vb","^enfeebl[a-z]*_vb"
"327","enflame","verb","y","strongsubj","enflam","_vb","^enflam[a-z]*_vb"
"328","engulf","verb","y","weaksubj","engulf","_vb","^engulf[a-z]*_vb"
"329","enjoin","verb","y","strongsubj","enjoin","_vb","^enjoin[a-z]*_vb"
"330","enrage","verb","y","strongsubj","enrag","_vb","^enrag[a-z]*_vb"
"331","enslave","verb","y","strongsubj","enslav","_vb","^enslav[a-z]*_vb"
"332","entangle","verb","y","weaksubj","entangl","_vb","^entangl[a-z]*_vb"
"333","entrap","verb","y","strongsubj","entrap","_vb","^entrap[a-z]*_vb"
"334","envy","verb","y","strongsubj","envy","_vb","^envy[a-z]*_vb"
"335","envy","verb","y","strongsubj","envi","_vb","^envi[a-z]*_vb"
"336","eradicate","verb","y","weaksubj","eradicat","_vb","^eradicat[a-z]*_vb"
"337","erase","verb","y","weaksubj","eras","_vb","^eras[a-z]*_vb"
"338","erode","verb","y","weaksubj","erod","_vb","^erod[a-z]*_vb"
"339","err","verb","y","strongsubj","err","_vb","^err[a-z]*_vb"
"340","eschew","verb","y","strongsubj","eschew","_vb","^eschew[a-z]*_vb"
"341","evade","verb","y","weaksubj","evad","_vb","^evad[a-z]*_vb"
"342","eviscerate","verb","y","strongsubj","eviscerat","_vb","^eviscerat[a-z]*_vb"
"343","exacerbate","verb","y","strongsubj","exacerbat","_vb","^exacerbat[a-z]*_vb"
"344","exaggerate","verb","y","strongsubj","exaggerat","_vb","^exaggerat[a-z]*_vb"
"345","exasperate","verb","y","strongsubj","exasperat","_vb","^exasperat[a-z]*_vb"
"346","exclaim","verb","y","strongsubj","exclaim","_vb","^exclaim[a-z]*_vb"
"347","exclude","verb","y","weaksubj","exclud","_vb","^exclud[a-z]*_vb"
"348","excoriate","verb","y","strongsubj","excoriat","_vb","^excoriat[a-z]*_vb"
"349","execrate","verb","y","strongsubj","execrat","_vb","^execrat[a-z]*_vb"
"350","exhaust","verb","y","weaksubj","exhaust","_vb","^exhaust[a-z]*_vb"
"351","exhort","verb","y","strongsubj","exhort","_vb","^exhort[a-z]*_vb"
"352","exile","verb","y","weaksubj","exil","_vb","^exil[a-z]*_vb"
"353","expel","verb","y","weaksubj","expel","_vb","^expel[a-z]*_vb"
"354","expire","verb","y","strongsubj","expir","_vb","^expir[a-z]*_vb"
"355","explode","verb","y","weaksubj","explod","_vb","^explod[a-z]*_vb"
"356","exploit","verb","y","strongsubj","exploit","_vb","^exploit[a-z]*_vb"
"357","expose","verb","y","weaksubj","expos","_vb","^expos[a-z]*_vb"
"358","expulse","verb","y","weaksubj","expuls","_vb","^expuls[a-z]*_vb"
"359","expunge","verb","y","strongsubj","expung","_vb","^expung[a-z]*_vb"
"360","exterminate","verb","y","strongsubj","exterminat","_vb","^exterminat[a-z]*_vb"
"361","extinguish","verb","y","weaksubj","extinguish","_vb","^extinguish[a-z]*_vb"
"362","extort","verb","y","weaksubj","extort","_vb","^extort[a-z]*_vb"
"363","fabricate","verb","y","weaksubj","fabricat","_vb","^fabricat[a-z]*_vb"
"364","fail","verb","y","weaksubj","fail","_vb","^fail[a-z]*_vb"
"365","fall","verb","y","weaksubj","fall","_vb","^fall[a-z]*_vb"
"366","falsify","verb","y","strongsubj","falsify","_vb","^falsify[a-z]*_vb"
"367","falsify","verb","y","strongsubj","falsifi","_vb","^falsifi[a-z]*_vb"
"368","falter","verb","y","strongsubj","falter","_vb","^falter[a-z]*_vb"
"369","fault","verb","y","strongsubj","fault","_vb","^fault[a-z]*_vb"
"370","faze","verb","y","weaksubj","faze","_vb","^faze[a-z]*_vb"
"371","fear","verb","y","strongsubj","fear","_vb","^fear[a-z]*_vb"
"372","feign","verb","y","weaksubj","feign","_vb","^feign[a-z]*_vb"
"373","fib","verb","y","strongsubj","fib","_vb","^fib[a-z]*_vb"
"374","fidget","verb","y","strongsubj","fidget","_vb","^fidget[a-z]*_vb"
"375","finagle","verb","y","weaksubj","finagl","_vb","^finagl[a-z]*_vb"
"376","fine","verb","y","weaksubj","fine","_vb","^fine[a-z]*_vb"
"377","flabbergast","verb","y","strongsubj","flabbergast","_vb","^flabbergast[a-z]*_vb"
"378","flaunt","verb","y","strongsubj","flaunt","_vb","^flaunt[a-z]*_vb"
"379","fleer","verb","y","strongsubj","fleer","_vb","^fleer[a-z]*_vb"
"380","flirt","verb","y","strongsubj","flirt","_vb","^flirt[a-z]*_vb"
"381","flounder","verb","y","strongsubj","flounder","_vb","^flounder[a-z]*_vb"
"382","flout","verb","y","strongsubj","flout","_vb","^flout[a-z]*_vb"
"383","fluster","verb","y","weaksubj","fluster","_vb","^fluster[a-z]*_vb"
"384","force","verb","y","weaksubj","forc","_vb","^forc[a-z]*_vb"
"385","forfeit","verb","y","weaksubj","forfeit","_vb","^forfeit[a-z]*_vb"
"386","forget","verb","y","strongsubj","forget","_vb","^forget[a-z]*_vb"
"387","forsake","verb","y","strongsubj","forsak","_vb","^forsak[a-z]*_vb"
"388","forswear","verb","y","strongsubj","forswear","_vb","^forswear[a-z]*_vb"
"389","foul","verb","y","weaksubj","foul","_vb","^foul[a-z]*_vb"
"390","fracture","verb","y","weaksubj","fractur","_vb","^fractur[a-z]*_vb"
"391","fraternize","verb","y","strongsubj","fraterni","_vb","^fraterni[a-z]*_vb"
"392","freak","verb","y","strongsubj","freak","_vb","^freak[a-z]*_vb"
"393","frazzle","verb","y","strongsubj","frazzl","_vb","^frazzl[a-z]*_vb"
"394","fret","verb","y","strongsubj","fret","_vb","^fret[a-z]*_vb"
"395","frighten","verb","y","strongsubj","frighten","_vb","^frighten[a-z]*_vb"
"396","fumble","verb","y","weaksubj","fumbl","_vb","^fumbl[a-z]*_vb"
"397","fun","verb","y","strongsubj","fun","_vb","^fun[a-z]*_vb"
"398","frustrate","verb","y","strongsubj","frustrat","_vb","^frustrat[a-z]*_vb"
"399","fudge","verb","y","strongsubj","fudg","_vb","^fudg[a-z]*_vb"
"400","fulminate","verb","y","strongsubj","fulminat","_vb","^fulminat[a-z]*_vb"
"401","fume","verb","y","strongsubj","fume","_vb","^fume[a-z]*_vb"
"402","fuss","verb","y","strongsubj","fuss","_vb","^fuss[a-z]*_vb"
"403","fustigate","verb","y","strongsubj","fustigat","_vb","^fustigat[a-z]*_vb"
"404","gabble","verb","y","strongsubj","gabbl","_vb","^gabbl[a-z]*_vb"
"405","gainsay","verb","y","strongsubj","gainsay","_vb","^gainsay[a-z]*_vb"
"406","gainsay","verb","y","strongsubj","gainsai","_vb","^gainsai[a-z]*_vb"
"407","gaggle","verb","y","strongsubj","gaggl","_vb","^gaggl[a-z]*_vb"
"408","gall","verb","y","strongsubj","gall","_vb","^gall[a-z]*_vb"
"409","gamble","verb","y","weaksubj","gambl","_vb","^gambl[a-z]*_vb"
"410","gape","verb","y","strongsubj","gape","_vb","^gape[a-z]*_vb"
"411","gawk","verb","y","strongsubj","gawk","_vb","^gawk[a-z]*_vb"
"412","gibber","verb","y","strongsubj","gibber","_vb","^gibber[a-z]*_vb"
"413","gibe","verb","y","strongsubj","gibe","_vb","^gibe[a-z]*_vb"
"414","glare","verb","y","strongsubj","glare","_vb","^glare[a-z]*_vb"
"415","gloss","verb","y","strongsubj","gloss","_vb","^gloss[a-z]*_vb"
"416","glower","verb","y","strongsubj","glower","_vb","^glower[a-z]*_vb"
"417","goad","verb","y","strongsubj","goad","_vb","^goad[a-z]*_vb"
"418","goof","verb","y","strongsubj","goof","_vb","^goof[a-z]*_vb"
"419","gossip","verb","y","strongsubj","gossip","_vb","^gossip[a-z]*_vb"
"420","grapple","verb","y","weaksubj","grappl","_vb","^grappl[a-z]*_vb"
"421","grate","verb","y","strongsubj","grate","_vb","^grate[a-z]*_vb"
"422","grieve","verb","y","strongsubj","griev","_vb","^griev[a-z]*_vb"
"423","grill","verb","y","weaksubj","grill","_vb","^grill[a-z]*_vb"
"424","grimace","verb","y","strongsubj","grimac","_vb","^grimac[a-z]*_vb"
"425","gripe","verb","y","strongsubj","gripe","_vb","^gripe[a-z]*_vb"
"426","grouse","verb","y","strongsubj","grous","_vb","^grous[a-z]*_vb"
"427","growl","verb","y","strongsubj","growl","_vb","^growl[a-z]*_vb"
"428","grumble","verb","y","strongsubj","grumbl","_vb","^grumbl[a-z]*_vb"
"429","haggle","verb","y","strongsubj","haggl","_vb","^haggl[a-z]*_vb"
"430","hallucinate","verb","y","strongsubj","hallucinat","_vb","^hallucinat[a-z]*_vb"
"431","hamper","verb","y","strongsubj","hamper","_vb","^hamper[a-z]*_vb"
"432","harass","verb","y","weaksubj","harass","_vb","^harass[a-z]*_vb"
"433","harden","verb","y","weaksubj","harden","_vb","^harden[a-z]*_vb"
"434","harrow","verb","y","strongsubj","harrow","_vb","^harrow[a-z]*_vb"
"435","hate","verb","y","strongsubj","hate","_vb","^hate[a-z]*_vb"
"436","haunt","verb","y","weaksubj","haunt","_vb","^haunt[a-z]*_vb"
"437","hazard","verb","y","weaksubj","hazard","_vb","^hazard[a-z]*_vb"
"438","heckle","verb","y","strongsubj","heckl","_vb","^heckl[a-z]*_vb"
"439","hedge","verb","y","strongsubj","hedg","_vb","^hedg[a-z]*_vb"
"440","hinder","verb","y","strongsubj","hinder","_vb","^hinder[a-z]*_vb"
"441","hoard","verb","y","strongsubj","hoard","_vb","^hoard[a-z]*_vb"
"442","hoax","verb","y","strongsubj","hoax","_vb","^hoax[a-z]*_vb"
"443","hobble","verb","y","weaksubj","hobbl","_vb","^hobbl[a-z]*_vb"
"444","hoodwink","verb","y","strongsubj","hoodwink","_vb","^hoodwink[a-z]*_vb"
"445","horrify","verb","y","strongsubj","horrify","_vb","^horrify[a-z]*_vb"
"446","horrify","verb","y","strongsubj","horrifi","_vb","^horrifi[a-z]*_vb"
"447","humiliate","verb","y","strongsubj","humiliat","_vb","^humiliat[a-z]*_vb"
"448","hunger","verb","y","strongsubj","hunger","_vb","^hunger[a-z]*_vb"
"449","hurt","verb","y","weaksubj","hurt","_vb","^hurt[a-z]*_vb"
"450","ignore","verb","y","weaksubj","ignor","_vb","^ignor[a-z]*_vb"
"451","impair","verb","y","strongsubj","impair","_vb","^impair[a-z]*_vb"
"452","impeach","verb","y","strongsubj","impeach","_vb","^impeach[a-z]*_vb"
"453","impede","verb","y","strongsubj","imped","_vb","^imped[a-z]*_vb"
"454","imperil","verb","y","strongsubj","imperil","_vb","^imperil[a-z]*_vb"
"455","impinge","verb","y","strongsubj","imping","_vb","^imping[a-z]*_vb"
"456","implicate","verb","y","weaksubj","implicat","_vb","^implicat[a-z]*_vb"
"457","implode","verb","y","strongsubj","implod","_vb","^implod[a-z]*_vb"
"458","importune","verb","y","strongsubj","importun","_vb","^importun[a-z]*_vb"
"459","impose","verb","y","strongsubj","impos","_vb","^impos[a-z]*_vb"
"460","impoverish","verb","y","weaksubj","impoverish","_vb","^impoverish[a-z]*_vb"
"461","imprecate","verb","y","strongsubj","imprecat","_vb","^imprecat[a-z]*_vb"
"462","imprison","verb","y","weaksubj","imprison","_vb","^imprison[a-z]*_vb"
"463","impugn","verb","y","strongsubj","impugn","_vb","^impugn[a-z]*_vb"
"464","incense","verb","y","weaksubj","incens","_vb","^incens[a-z]*_vb"
"465","incite","verb","y","weaksubj","incit","_vb","^incit[a-z]*_vb"
"466","inculcate","verb","y","strongsubj","inculcat","_vb","^inculcat[a-z]*_vb"
"467","indulge","verb","y","strongsubj","indulg","_vb","^indulg[a-z]*_vb"
"468","infest","verb","y","weaksubj","infest","_vb","^infest[a-z]*_vb"
"469","inflame","verb","y","strongsubj","inflam","_vb","^inflam[a-z]*_vb"
"470","inflict","verb","y","strongsubj","inflict","_vb","^inflict[a-z]*_vb"
"471","infringe","verb","y","strongsubj","infring","_vb","^infring[a-z]*_vb"
"472","infuriate","verb","y","strongsubj","infuriat","_vb","^infuriat[a-z]*_vb"
"473","inhibit","verb","y","weaksubj","inhibit","_vb","^inhibit[a-z]*_vb"
"474","injure","verb","y","weaksubj","injur","_vb","^injur[a-z]*_vb"
"475","insinuate","verb","y","strongsubj","insinuat","_vb","^insinuat[a-z]*_vb"
"476","instigate","verb","y","strongsubj","instigat","_vb","^instigat[a-z]*_vb"
"477","insult","verb","y","strongsubj","insult","_vb","^insult[a-z]*_vb"
"478","interfere","verb","y","weaksubj","interfer","_vb","^interfer[a-z]*_vb"
"479","interrupt","verb","y","weaksubj","interrupt","_vb","^interrupt[a-z]*_vb"
"480","intimidate","verb","y","weaksubj","intimidat","_vb","^intimidat[a-z]*_vb"
"481","intoxicate","verb","y","weaksubj","intoxicat","_vb","^intoxicat[a-z]*_vb"
"482","intrude","verb","y","strongsubj","intrud","_vb","^intrud[a-z]*_vb"
"483","inundate","verb","y","strongsubj","inundat","_vb","^inundat[a-z]*_vb"
"484","invalidate","verb","y","strongsubj","invalidat","_vb","^invalidat[a-z]*_vb"
"485","inveigle","verb","y","strongsubj","inveigl","_vb","^inveigl[a-z]*_vb"
"486","irk","verb","y","strongsubj","irk","_vb","^irk[a-z]*_vb"
"487","irritate","verb","y","strongsubj","irritat","_vb","^irritat[a-z]*_vb"
"488","isolate","verb","y","weaksubj","isolat","_vb","^isolat[a-z]*_vb"
"489","itch","verb","y","strongsubj","itch","_vb","^itch[a-z]*_vb"
"490","jabber","verb","y","strongsubj","jabber","_vb","^jabber[a-z]*_vb"
"491","jar","verb","y","weaksubj","jar","_vb","^jar[a-z]*_vb"
"492","jeer","verb","y","strongsubj","jeer","_vb","^jeer[a-z]*_vb"
"493","jeopardize","verb","y","strongsubj","jeopard","_vb","^jeopard[a-z]*_vb"
"494","jolt","verb","y","weaksubj","jolt","_vb","^jolt[a-z]*_vb"
"495","keen","verb","y","strongsubj","keen","_vb","^keen[a-z]*_vb"
"496","kill","verb","y","weaksubj","kill","_vb","^kill[a-z]*_vb"
"497","knife","verb","y","weaksubj","knife","_vb","^knife[a-z]*_vb"
"498","knock","verb","y","weaksubj","knock","_vb","^knock[a-z]*_vb"
"499","lag","verb","y","weaksubj","lag","_vb","^lag[a-z]*_vb"
"500","lambast","verb","y","strongsubj","lambast","_vb","^lambast[a-z]*_vb"
"501","lambaste","verb","y","strongsubj","lambast","_vb","^lambast[a-z]*_vb"
"502","lament","verb","y","strongsubj","lament","_vb","^lament[a-z]*_vb"
"503","languish","verb","y","strongsubj","languish","_vb","^languish[a-z]*_vb"
"504","laugh","verb","y","strongsubj","laugh","_vb","^laugh[a-z]*_vb"
"505","leak","verb","y","weaksubj","leak","_vb","^leak[a-z]*_vb"
"506","lecture","verb","y","weaksubj","lectur","_vb","^lectur[a-z]*_vb"
"507","leech","verb","y","strongsubj","leech","_vb","^leech[a-z]*_vb"
"508","leer","verb","y","strongsubj","leer","_vb","^leer[a-z]*_vb"
"509","lessen","verb","y","weaksubj","lessen","_vb","^lessen[a-z]*_vb"
"510","limit","verb","y","weaksubj","limit","_vb","^limit[a-z]*_vb"
"511","loathe","verb","y","strongsubj","loath","_vb","^loath[a-z]*_vb"
"512","long","verb","y","strongsubj","long","_vb","^long[a-z]*_vb"
"513","lost","verb","y","weaksubj","lost","_vb","^lost[a-z]*_vb"
"514","lose","verb","y","weaksubj","lose","_vb","^lose[a-z]*_vb"
"515","lull","verb","y","weaksubj","lull","_vb","^lull[a-z]*_vb"
"516","lurch","verb","y","strongsubj","lurch","_vb","^lurch[a-z]*_vb"
"517","lure","verb","y","strongsubj","lure","_vb","^lure[a-z]*_vb"
"518","lurk","verb","y","strongsubj","lurk","_vb","^lurk[a-z]*_vb"
"519","luring","verb","y","strongsubj","luring","_vb","^luring[a-z]*_vb"
"520","lure","verb","y","strongsubj","lure","_vb","^lure[a-z]*_vb"
"521","madden","verb","y","strongsubj","madden","_vb","^madden[a-z]*_vb"
"522","maledict","verb","y","strongsubj","maledict","_vb","^maledict[a-z]*_vb"
"523","malign","verb","y","strongsubj","malign","_vb","^malign[a-z]*_vb"
"524","mangle","verb","y","strongsubj","mangl","_vb","^mangl[a-z]*_vb"
"525","manipulate","verb","y","weaksubj","manipulat","_vb","^manipulat[a-z]*_vb"
"526","mar","verb","y","strongsubj","mar","_vb","^mar[a-z]*_vb"
"527","massacre","verb","y","strongsubj","massacr","_vb","^massacr[a-z]*_vb"
"528","meddle","verb","y","strongsubj","meddl","_vb","^meddl[a-z]*_vb"
"529","menace","verb","y","strongsubj","menac","_vb","^menac[a-z]*_vb"
"530","miff","verb","y","weaksubj","miff","_vb","^miff[a-z]*_vb"
"531","mind","verb","y","weaksubj","mind","_vb","^mind[a-z]*_vb"
"532","mire","verb","y","strongsubj","mire","_vb","^mire[a-z]*_vb"
"533","misapprehend","verb","y","weaksubj","misapprehend","_vb","^misapprehend[a-z]*_vb"
"534","misbecame","verb","y","strongsubj","misbecame","_vb","^misbecame[a-z]*_vb"
"535","misbecome","verb","y","strongsubj","misbecom","_vb","^misbecom[a-z]*_vb"
"536","misbehave","verb","y","strongsubj","misbehav","_vb","^misbehav[a-z]*_vb"
"537","miscalculate","verb","y","weaksubj","miscalcul","_vb","^miscalcul[a-z]*_vb"
"538","misguide","verb","y","strongsubj","misguid","_vb","^misguid[a-z]*_vb"
"539","mishandle","verb","y","strongsubj","mishandl","_vb","^mishandl[a-z]*_vb"
"540","misinform","verb","y","strongsubj","misinform","_vb","^misinform[a-z]*_vb"
"541","misinterpret","verb","y","strongsubj","misinterpret","_vb","^misinterpret[a-z]*_vb"
"542","misjudge","verb","y","strongsubj","misjudg","_vb","^misjudg[a-z]*_vb"
"543","mislead","verb","y","strongsubj","mislead","_vb","^mislead[a-z]*_vb"
"544","mislike","verb","y","strongsubj","mislik","_vb","^mislik[a-z]*_vb"
"545","mismanage","verb","y","strongsubj","mismanag","_vb","^mismanag[a-z]*_vb"
"546","misread","verb","y","strongsubj","misread","_vb","^misread[a-z]*_vb"
"547","misrepresent","verb","y","strongsubj","misrepresent","_vb","^misrepresent[a-z]*_vb"
"548","miss","verb","y","weaksubj","miss","_vb","^miss[a-z]*_vb"
"549","mistaken","verb","y","strongsubj","mistaken","_vb","^mistaken[a-z]*_vb"
"550","misuse","verb","y","strongsubj","misus","_vb","^misus[a-z]*_vb"
"551","moan","verb","y","strongsubj","moan","_vb","^moan[a-z]*_vb"
"552","mock","verb","y","strongsubj","mock","_vb","^mock[a-z]*_vb"
"553","molest","verb","y","strongsubj","molest","_vb","^molest[a-z]*_vb"
"554","moon","verb","y","weaksubj","moon","_vb","^moon[a-z]*_vb"
"555","mope","verb","y","weaksubj","mope","_vb","^mope[a-z]*_vb"
"556","mortify","verb","y","strongsubj","mortify","_vb","^mortify[a-z]*_vb"
"557","mortify","verb","y","strongsubj","mortifi","_vb","^mortifi[a-z]*_vb"
"558","mourn","verb","y","strongsubj","mourn","_vb","^mourn[a-z]*_vb"
"559","muddle","verb","y","weaksubj","muddl","_vb","^muddl[a-z]*_vb"
"560","murder","verb","y","weaksubj","murder","_vb","^murder[a-z]*_vb"
"561","mystify","verb","y","weaksubj","mystify","_vb","^mystify[a-z]*_vb"
"562","mystify","verb","y","weaksubj","mystifi","_vb","^mystifi[a-z]*_vb"
"563","nag","verb","y","strongsubj","nag","_vb","^nag[a-z]*_vb"
"564","nauseate","verb","y","weaksubj","nauseat","_vb","^nauseat[a-z]*_vb"
"565","negate","verb","y","weaksubj","negat","_vb","^negat[a-z]*_vb"
"566","neglect","verb","y","strongsubj","neglect","_vb","^neglect[a-z]*_vb"
"567","nettle","verb","y","weaksubj","nettl","_vb","^nettl[a-z]*_vb"
"568","niggle","verb","y","weaksubj","niggl","_vb","^niggl[a-z]*_vb"
"569","nix","verb","y","strongsubj","nix","_vb","^nix[a-z]*_vb"
"570","numb","verb","y","weaksubj","numb","_vb","^numb[a-z]*_vb"
"571","object","verb","y","strongsubj","object","_vb","^object[a-z]*_vb"
"572","obliterate","verb","y","strongsubj","obliterat","_vb","^obliterat[a-z]*_vb"
"573","obscure","verb","y","strongsubj","obscur","_vb","^obscur[a-z]*_vb"
"574","obsess","verb","y","strongsubj","obsess","_vb","^obsess[a-z]*_vb"
"575","obstruct","verb","y","weaksubj","obstruct","_vb","^obstruct[a-z]*_vb"
"576","offend","verb","y","strongsubj","offend","_vb","^offend[a-z]*_vb"
"577","omit","verb","y","weaksubj","omit","_vb","^omit[a-z]*_vb"
"578","oppose","verb","y","strongsubj","oppos","_vb","^oppos[a-z]*_vb"
"579","oppress","verb","y","strongsubj","oppress","_vb","^oppress[a-z]*_vb"
"580","ostracize","verb","y","strongsubj","ostraci","_vb","^ostraci[a-z]*_vb"
"581","outrage","verb","y","strongsubj","outrag","_vb","^outrag[a-z]*_vb"
"582","overact","verb","y","strongsubj","overact","_vb","^overact[a-z]*_vb"
"583","overawe","verb","y","weaksubj","overaw","_vb","^overaw[a-z]*_vb"
"584","overbalance","verb","y","weaksubj","overbal","_vb","^overbal[a-z]*_vb"
"585","overcame","verb","y","strongsubj","overcame","_vb","^overcame[a-z]*_vb"
"586","overcome","verb","y","strongsubj","overcom","_vb","^overcom[a-z]*_vb"
"587","overdone","verb","y","strongsubj","overdone","_vb","^overdone[a-z]*_vb"
"588","overdid","verb","y","strongsubj","overdid","_vb","^overdid[a-z]*_vb"
"589","overdo","verb","y","strongsubj","overdo","_vb","^overdo[a-z]*_vb"
"590","overemphasize","verb","y","strongsubj","overemphasi","_vb","^overemphasi[a-z]*_vb"
"591","overlook","verb","y","strongsubj","overlook","_vb","^overlook[a-z]*_vb"
"592","overplay","verb","y","strongsubj","overplay","_vb","^overplay[a-z]*_vb"
"593","overplay","verb","y","strongsubj","overplai","_vb","^overplai[a-z]*_vb"
"594","overpower","verb","y","weaksubj","overpower","_vb","^overpower[a-z]*_vb"
"595","overreach","verb","y","weaksubj","overreach","_vb","^overreach[a-z]*_vb"
"596","overran","verb","y","weaksubj","overran","_vb","^overran[a-z]*_vb"
"597","overrun","verb","y","weaksubj","overrun","_vb","^overrun[a-z]*_vb"
"598","overshadow","verb","y","weaksubj","overshadow","_vb","^overshadow[a-z]*_vb"
"599","oversimplify","verb","y","weaksubj","oversimplify","_vb","^oversimplify[a-z]*_vb"
"600","oversimplify","verb","y","weaksubj","oversimplifi","_vb","^oversimplifi[a-z]*_vb"
"601","overthrew","verb","y","weaksubj","overthrew","_vb","^overthrew[a-z]*_vb"
"602","overthrow","verb","y","weaksubj","overthrow","_vb","^overthrow[a-z]*_vb"
"603","overturn","verb","y","weaksubj","overturn","_vb","^overturn[a-z]*_vb"
"604","overwhelm","verb","y","weaksubj","overwhelm","_vb","^overwhelm[a-z]*_vb"
"605","pain","verb","y","weaksubj","pain","_vb","^pain[a-z]*_vb"
"606","pan","verb","y","weaksubj","pan","_vb","^pan[a-z]*_vb"
"607","panic","verb","y","strongsubj","panic","_vb","^panic[a-z]*_vb"
"608","parody","verb","y","strongsubj","parody","_vb","^parody[a-z]*_vb"
"609","parody","verb","y","strongsubj","parodi","_vb","^parodi[a-z]*_vb"
"610","patronize","verb","y","strongsubj","patroni","_vb","^patroni[a-z]*_vb"
"611","peeve","verb","y","strongsubj","peev","_vb","^peev[a-z]*_vb"
"612","penalize","verb","y","strongsubj","penal","_vb","^penal[a-z]*_vb"
"613","perish","verb","y","strongsubj","perish","_vb","^perish[a-z]*_vb"
"614","perplex","verb","y","strongsubj","perplex","_vb","^perplex[a-z]*_vb"
"615","persecute","verb","y","strongsubj","persecut","_vb","^persecut[a-z]*_vb"
"616","perturb","verb","y","strongsubj","perturb","_vb","^perturb[a-z]*_vb"
"617","pervert","verb","y","strongsubj","pervert","_vb","^pervert[a-z]*_vb"
"618","petrify","verb","y","strongsubj","petrify","_vb","^petrify[a-z]*_vb"
"619","petrify","verb","y","strongsubj","petrifi","_vb","^petrifi[a-z]*_vb"
"620","pettifog","verb","y","strongsubj","pettifog","_vb","^pettifog[a-z]*_vb"
"621","pillory","verb","y","strongsubj","pillory","_vb","^pillory[a-z]*_vb"
"622","pillory","verb","y","strongsubj","pillori","_vb","^pillori[a-z]*_vb"
"623","pinch","verb","y","weaksubj","pinch","_vb","^pinch[a-z]*_vb"
"624","pine","verb","y","strongsubj","pine","_vb","^pine[a-z]*_vb"
"625","pique","verb","y","weaksubj","piqu","_vb","^piqu[a-z]*_vb"
"626","pity","verb","y","strongsubj","piti","_vb","^piti[a-z]*_vb"
"627","plagiarize","verb","y","strongsubj","plagiari","_vb","^plagiari[a-z]*_vb"
"628","plague","verb","y","weaksubj","plagu","_vb","^plagu[a-z]*_vb"
"629","plot","verb","y","strongsubj","plot","_vb","^plot[a-z]*_vb"
"630","plunder","verb","y","strongsubj","plunder","_vb","^plunder[a-z]*_vb"
"631","polemize","verb","y","strongsubj","polemi","_vb","^polemi[a-z]*_vb"
"632","pollute","verb","y","weaksubj","pollut","_vb","^pollut[a-z]*_vb"
"633","pout","verb","y","strongsubj","pout","_vb","^pout[a-z]*_vb"
"634","prate","verb","y","strongsubj","prating","_vb","^prating[a-z]*_vb"
"635","prate","verb","y","strongsubj","prate","_vb","^prate[a-z]*_vb"
"636","prattle","verb","y","strongsubj","prattl","_vb","^prattl[a-z]*_vb"
"637","precipitate","verb","y","strongsubj","precipitat","_vb","^precipitat[a-z]*_vb"
"638","prejudge","verb","y","strongsubj","prejudg","_vb","^prejudg[a-z]*_vb"
"639","preoccupy","verb","y","weaksubj","preoccupy","_vb","^preoccupy[a-z]*_vb"
"640","preoccupy","verb","y","weaksubj","preoccupi","_vb","^preoccupi[a-z]*_vb"
"641","presume","verb","y","strongsubj","presum","_vb","^presum[a-z]*_vb"
"642","prevaricate","verb","y","strongsubj","prevaricat","_vb","^prevaricat[a-z]*_vb"
"643","prickle","verb","y","strongsubj","prickl","_vb","^prickl[a-z]*_vb"
"644","procrastinate","verb","y","strongsubj","procrastinat","_vb","^procrastinat[a-z]*_vb"
"645","profane","verb","y","strongsubj","profan","_vb","^profan[a-z]*_vb"
"646","prohibit","verb","y","weaksubj","prohibit","_vb","^prohibit[a-z]*_vb"
"647","propagandize","verb","y","strongsubj","propagandi","_vb","^propagandi[a-z]*_vb"
"648","prosecute","verb","y","strongsubj","prosecut","_vb","^prosecut[a-z]*_vb"
"649","protest","verb","y","strongsubj","protest","_vb","^protest[a-z]*_vb"
"650","provoke","verb","y","strongsubj","provok","_vb","^provok[a-z]*_vb"
"651","pry","verb","y","weaksubj","pries","_vb","^pries[a-z]*_vb"
"652","pry","verb","y","weaksubj","pry","_vb","^pry[a-z]*_vb"
"653","punish","verb","y","strongsubj","punish","_vb","^punish[a-z]*_vb"
"654","puzzle","verb","y","strongsubj","puzzl","_vb","^puzzl[a-z]*_vb"
"655","quack","verb","y","strongsubj","quack","_vb","^quack[a-z]*_vb"
"656","quarrel","verb","y","strongsubj","quarrel","_vb","^quarrel[a-z]*_vb"
"657","quash","verb","y","strongsubj","quash","_vb","^quash[a-z]*_vb"
"658","quibble","verb","y","strongsubj","quibbl","_vb","^quibbl[a-z]*_vb"
"659","quit","verb","y","weaksubj","quit","_vb","^quit[a-z]*_vb"
"660","rack","verb","y","strongsubj","rack","_vb","^rack[a-z]*_vb"
"661","rage","verb","y","strongsubj","raging","_vb","^raging[a-z]*_vb"
"662","rage","verb","y","strongsubj","rage","_vb","^rage[a-z]*_vb"
"663","rail","verb","y","strongsubj","rail","_vb","^rail[a-z]*_vb"
"664","rampage","verb","y","strongsubj","rampag","_vb","^rampag[a-z]*_vb"
"665","rankle","verb","y","strongsubj","rankl","_vb","^rankl[a-z]*_vb"
"666","rant","verb","y","strongsubj","rant","_vb","^rant[a-z]*_vb"
"667","rationalize","verb","y","strongsubj","rationali","_vb","^rationali[a-z]*_vb"
"668","rattle","verb","y","strongsubj","rattl","_vb","^rattl[a-z]*_vb"
"669","ravage","verb","y","strongsubj","ravag","_vb","^ravag[a-z]*_vb"
"670","rebuff","verb","y","strongsubj","rebuff","_vb","^rebuff[a-z]*_vb"
"671","rebuke","verb","y","strongsubj","rebuk","_vb","^rebuk[a-z]*_vb"
"672","recant","verb","y","strongsubj","recant","_vb","^recant[a-z]*_vb"
"673","recoil","verb","y","strongsubj","recoil","_vb","^recoil[a-z]*_vb"
"674","refute","verb","y","strongsubj","refut","_vb","^refut[a-z]*_vb"
"675","regress","verb","y","weaksubj","regress","_vb","^regress[a-z]*_vb"
"676","regret","verb","y","strongsubj","regret","_vb","^regret[a-z]*_vb"
"677","reject","verb","y","strongsubj","reject","_vb","^reject[a-z]*_vb"
"678","relapse","verb","y","weaksubj","relaps","_vb","^relaps[a-z]*_vb"
"679","renounce","verb","y","strongsubj","renounc","_vb","^renounc[a-z]*_vb"
"680","repel","verb","y","weaksubj","repel","_vb","^repel[a-z]*_vb"
"681","repress","verb","y","weaksubj","repress","_vb","^repress[a-z]*_vb"
"682","reprimand","verb","y","strongsubj","reprimand","_vb","^reprimand[a-z]*_vb"
"683","reproach","verb","y","strongsubj","reproach","_vb","^reproach[a-z]*_vb"
"684","reprove","verb","y","strongsubj","reprov","_vb","^reprov[a-z]*_vb"
"685","repudiate","verb","y","strongsubj","repudiat","_vb","^repudiat[a-z]*_vb"
"686","repugn","verb","y","strongsubj","repugn","_vb","^repugn[a-z]*_vb"
"687","repulse","verb","y","weaksubj","repuls","_vb","^repuls[a-z]*_vb"
"688","resent","verb","y","strongsubj","resent","_vb","^resent[a-z]*_vb"
"689","restrict","verb","y","weaksubj","restrict","_vb","^restrict[a-z]*_vb"
"690","retaliate","verb","y","weaksubj","retaliat","_vb","^retaliat[a-z]*_vb"
"691","retard","verb","y","weaksubj","retard","_vb","^retard[a-z]*_vb"
"692","retire","verb","y","weaksubj","retir","_vb","^retir[a-z]*_vb"
"693","retract","verb","y","weaksubj","retract","_vb","^retract[a-z]*_vb"
"694","retreat","verb","y","weaksubj","retreat","_vb","^retreat[a-z]*_vb"
"695","revenge","verb","y","strongsubj","reveng","_vb","^reveng[a-z]*_vb"
"696","revert","verb","y","weaksubj","revert","_vb","^revert[a-z]*_vb"
"697","revile","verb","y","strongsubj","revil","_vb","^revil[a-z]*_vb"
"698","revoke","verb","y","weaksubj","revok","_vb","^revok[a-z]*_vb"
"699","revolt","verb","y","weaksubj","revolt","_vb","^revolt[a-z]*_vb"
"700","rhapsodize","verb","y","weaksubj","rhapsod","_vb","^rhapsod[a-z]*_vb"
"701","rid","verb","y","strongsubj","rid","_vb","^rid[a-z]*_vb"
"702","ridicule","verb","y","strongsubj","ridicul","_vb","^ridicul[a-z]*_vb"
"703","rile","verb","y","strongsubj","rile","_vb","^rile[a-z]*_vb"
"704","rival","verb","y","weaksubj","rival","_vb","^rival[a-z]*_vb"
"705","rot","verb","y","weaksubj","rot","_vb","^rot[a-z]*_vb"
"706","rue","verb","y","strongsubj","rue","_vb","^rue[a-z]*_vb"
"707","ruffle","verb","y","weaksubj","ruffl","_vb","^ruffl[a-z]*_vb"
"708","ruin","verb","y","weaksubj","ruin","_vb","^ruin[a-z]*_vb"
"709","rumple","verb","y","strongsubj","rumpl","_vb","^rumpl[a-z]*_vb"
"710","rupture","verb","y","weaksubj","ruptur","_vb","^ruptur[a-z]*_vb"
"711","sabotage","verb","y","strongsubj","sabotag","_vb","^sabotag[a-z]*_vb"
"712","sadden","verb","y","strongsubj","sadden","_vb","^sadden[a-z]*_vb"
"713","sag","verb","y","weaksubj","sag","_vb","^sag[a-z]*_vb"
"714","sap","verb","y","strongsubj","sap","_vb","^sap[a-z]*_vb"
"715","sass","verb","y","strongsubj","sass","_vb","^sass[a-z]*_vb"
"716","satirize","verb","y","strongsubj","satiri","_vb","^satiri[a-z]*_vb"
"717","savage","verb","y","strongsubj","savag","_vb","^savag[a-z]*_vb"
"718","scandalize","verb","y","strongsubj","scandali","_vb","^scandali[a-z]*_vb"
"719","scar","verb","y","strongsubj","scar","_vb","^scar[a-z]*_vb"
"720","scare","verb","y","strongsubj","scare","_vb","^scare[a-z]*_vb"
"721","scheme","verb","y","weaksubj","scheme","_vb","^scheme[a-z]*_vb"
"722","scoff","verb","y","strongsubj","scoff","_vb","^scoff[a-z]*_vb"
"723","scold","verb","y","strongsubj","scold","_vb","^scold[a-z]*_vb"
"724","scorn","verb","y","strongsubj","scorn","_vb","^scorn[a-z]*_vb"
"725","scowl","verb","y","strongsubj","scowl","_vb","^scowl[a-z]*_vb"
"726","scream","verb","y","strongsubj","scream","_vb","^scream[a-z]*_vb"
"727","screech","verb","y","strongsubj","screech","_vb","^screech[a-z]*_vb"
"728","screw","verb","y","weaksubj","screw","_vb","^screw[a-z]*_vb"
"729","seethe","verb","y","strongsubj","seeth","_vb","^seeth[a-z]*_vb"
"730","sermonize","verb","y","strongsubj","sermon","_vb","^sermon[a-z]*_vb"
"731","shadow","verb","y","strongsubj","shadow","_vb","^shadow[a-z]*_vb"
"732","shake","verb","y","weaksubj","shook","_vb","^shook[a-z]*_vb"
"733","shake","verb","y","weaksubj","shaking","_vb","^shaking[a-z]*_vb"
"734","shake","verb","y","weaksubj","shake","_vb","^shake[a-z]*_vb"
"735","shame","verb","y","strongsubj","shame","_vb","^shame[a-z]*_vb"
"736","shatter","verb","y","strongsubj","shatter","_vb","^shatter[a-z]*_vb"
"737","shirk","verb","y","strongsubj","shirk","_vb","^shirk[a-z]*_vb"
"738","shiver","verb","y","strongsubj","shiver","_vb","^shiver[a-z]*_vb"
"739","shock","verb","y","strongsubj","shock","_vb","^shock[a-z]*_vb"
"740","shortchange","verb","y","strongsubj","shortchang","_vb","^shortchang[a-z]*_vb"
"741","shred","verb","y","weaksubj","shred","_vb","^shred[a-z]*_vb"
"742","shriek","verb","y","strongsubj","shriek","_vb","^shriek[a-z]*_vb"
"743","shrivel","verb","y","strongsubj","shrivel","_vb","^shrivel[a-z]*_vb"
"744","shroud","verb","y","strongsubj","shroud","_vb","^shroud[a-z]*_vb"
"745","shrug","verb","y","weaksubj","shrug","_vb","^shrug[a-z]*_vb"
"746","shun","verb","y","strongsubj","shun","_vb","^shun[a-z]*_vb"
"747","sicken","verb","y","weaksubj","sicken","_vb","^sicken[a-z]*_vb"
"748","sidetrack","verb","y","strongsubj","sidetrack","_vb","^sidetrack[a-z]*_vb"
"749","simmer","verb","y","strongsubj","simmer","_vb","^simmer[a-z]*_vb"
"750","skulk","verb","y","strongsubj","skulk","_vb","^skulk[a-z]*_vb"
"751","slander","verb","y","strongsubj","slander","_vb","^slander[a-z]*_vb"
"752","slap","verb","y","strongsubj","slap","_vb","^slap[a-z]*_vb"
"753","slaughter","verb","y","weaksubj","slaughter","_vb","^slaughter[a-z]*_vb"
"754","slight","verb","y","weaksubj","slight","_vb","^slight[a-z]*_vb"
"755","smash","verb","y","weaksubj","smash","_vb","^smash[a-z]*_vb"
"756","smear","verb","y","weaksubj","smear","_vb","^smear[a-z]*_vb"
"757","smolder","verb","y","strongsubj","smolder","_vb","^smolder[a-z]*_vb"
"758","smother","verb","y","strongsubj","smother","_vb","^smother[a-z]*_vb"
"759","smoulder","verb","y","strongsubj","smoulder","_vb","^smoulder[a-z]*_vb"
"760","snarl","verb","y","weaksubj","snarl","_vb","^snarl[a-z]*_vb"
"761","snatch","verb","y","weaksubj","snatch","_vb","^snatch[a-z]*_vb"
"762","sneak","verb","y","weaksubj","sneak","_vb","^sneak[a-z]*_vb"
"763","sneer","verb","y","strongsubj","sneer","_vb","^sneer[a-z]*_vb"
"764","snub","verb","y","strongsubj","snub","_vb","^snub[a-z]*_vb"
"765","sob","verb","y","strongsubj","sob","_vb","^sob[a-z]*_vb"
"766","sober","verb","y","weaksubj","sober","_vb","^sober[a-z]*_vb"
"767","sorrow","verb","y","weaksubj","sorrow","_vb","^sorrow[a-z]*_vb"
"768","spank","verb","y","strongsubj","spank","_vb","^spank[a-z]*_vb"
"769","split","verb","y","weaksubj","split","_vb","^split[a-z]*_vb"
"770","spoil","verb","y","strongsubj","spoil","_vb","^spoil[a-z]*_vb"
"771","spook","verb","y","strongsubj","spook","_vb","^spook[a-z]*_vb"
"772","spoon-feed","verb","y","strongsubj","spoon-feed","_vb","^spoon-feed[a-z]*_vb"
"773","spurn","verb","y","strongsubj","spurn","_vb","^spurn[a-z]*_vb"
"774","sputter","verb","y","strongsubj","sputter","_vb","^sputter[a-z]*_vb"
"775","squabble","verb","y","strongsubj","squabbl","_vb","^squabbl[a-z]*_vb"
"776","squander","verb","y","strongsubj","squander","_vb","^squander[a-z]*_vb"
"777","squash","verb","y","strongsubj","squash","_vb","^squash[a-z]*_vb"
"778","squirm","verb","y","strongsubj","squirm","_vb","^squirm[a-z]*_vb"
"779","stab","verb","y","weaksubj","stab","_vb","^stab[a-z]*_vb"
"780","stagger","verb","y","weaksubj","stagger","_vb","^stagger[a-z]*_vb"
"781","stagnate","verb","y","strongsubj","stagnat","_vb","^stagnat[a-z]*_vb"
"782","stain","verb","y","weaksubj","stain","_vb","^stain[a-z]*_vb"
"783","stammer","verb","y","strongsubj","stammer","_vb","^stammer[a-z]*_vb"
"784","startle","verb","y","strongsubj","startl","_vb","^startl[a-z]*_vb"
"785","starve","verb","y","weaksubj","starv","_vb","^starv[a-z]*_vb"
"786","steal","verb","y","weaksubj","stole","_vb","^stole[a-z]*_vb"
"787","steal","verb","y","weaksubj","steal","_vb","^steal[a-z]*_vb"
"788","stew","verb","y","strongsubj","stew","_vb","^stew[a-z]*_vb"
"789","stifle","verb","y","strongsubj","stifl","_vb","^stifl[a-z]*_vb"
"790","stigma","verb","y","strongsubj","stigma","_vb","^stigma[a-z]*_vb"
"791","stigmatize","verb","y","strongsubj","stigmati","_vb","^stigmati[a-z]*_vb"
"792","stung","verb","y","weaksubj","stung","_vb","^stung[a-z]*_vb"
"793","sting","verb","y","weaksubj","sting","_vb","^sting[a-z]*_vb"
"794","stank","verb","y","strongsubj","stank","_vb","^stank[a-z]*_vb"
"795","stink","verb","y","strongsubj","stink","_vb","^stink[a-z]*_vb"
"796","storm","verb","y","weaksubj","storm","_vb","^storm[a-z]*_vb"
"797","straggle","verb","y","weaksubj","straggl","_vb","^straggl[a-z]*_vb"
"798","strain","verb","y","weaksubj","strain","_vb","^strain[a-z]*_vb"
"799","strangle","verb","y","weaksubj","strangl","_vb","^strangl[a-z]*_vb"
"800","stress","verb","y","strongsubj","stress","_vb","^stress[a-z]*_vb"
"801","strike","verb","y","weaksubj","strike","_vb","^strike[a-z]*_vb"
"802","struck","verb","y","weaksubj","struck","_vb","^struck[a-z]*_vb"
"803","strut","verb","y","strongsubj","strut","_vb","^strut[a-z]*_vb"
"804","stump","verb","y","weaksubj","stump","_vb","^stump[a-z]*_vb"
"805","stun","verb","y","weaksubj","stun","_vb","^stun[a-z]*_vb"
"806","stupify","verb","y","strongsubj","stupify","_vb","^stupify[a-z]*_vb"
"807","stupify","verb","y","strongsubj","stupifi","_vb","^stupifi[a-z]*_vb"
"808","subjugate","verb","y","strongsubj","subjugat","_vb","^subjugat[a-z]*_vb"
"809","subside","verb","y","weaksubj","subsid","_vb","^subsid[a-z]*_vb"
"810","subtract","verb","y","weaksubj","subtract","_vb","^subtract[a-z]*_vb"
"811","subvert","verb","y","weaksubj","subvert","_vb","^subvert[a-z]*_vb"
"812","succumb","verb","y","strongsubj","succumb","_vb","^succumb[a-z]*_vb"
"813","suffer","verb","y","weaksubj","suffer","_vb","^suffer[a-z]*_vb"
"814","suffocate","verb","y","strongsubj","suffocat","_vb","^suffocat[a-z]*_vb"
"815","sugar-coat","verb","y","strongsubj","sugar-coat","_vb","^sugar-coat[a-z]*_vb"
"816","sulk","verb","y","strongsubj","sulk","_vb","^sulk[a-z]*_vb"
"817","sully","verb","y","strongsubj","sully","_vb","^sully[a-z]*_vb"
"818","sully","verb","y","strongsubj","sulli","_vb","^sulli[a-z]*_vb"
"819","sunder","verb","y","strongsubj","sunder","_vb","^sunder[a-z]*_vb"
"820","suppress","verb","y","weaksubj","suppress","_vb","^suppress[a-z]*_vb"
"821","swagger","verb","y","strongsubj","swagger","_vb","^swagger[a-z]*_vb"
"822","swindle","verb","y","strongsubj","swindl","_vb","^swindl[a-z]*_vb"
"823","swoon","verb","y","weaksubj","swoon","_vb","^swoon[a-z]*_vb"
"824","sympathize","verb","y","strongsubj","sympathi","_vb","^sympathi[a-z]*_vb"
"825","taint","verb","y","strongsubj","taint","_vb","^taint[a-z]*_vb"
"826","tamper","verb","y","weaksubj","tamper","_vb","^tamper[a-z]*_vb"
"827","tarnish","verb","y","weaksubj","tarnish","_vb","^tarnish[a-z]*_vb"
"828","taunt","verb","y","strongsubj","taunt","_vb","^taunt[a-z]*_vb"
"829","tease","verb","y","weaksubj","teas","_vb","^teas[a-z]*_vb"
"830","temper","verb","y","weaksubj","temper","_vb","^temper[a-z]*_vb"
"831","terrorize","verb","y","strongsubj","terror","_vb","^terror[a-z]*_vb"
"832","thirst","verb","y","strongsubj","thirst","_vb","^thirst[a-z]*_vb"
"833","thrash","verb","y","weaksubj","thrash","_vb","^thrash[a-z]*_vb"
"834","threaten","verb","y","weaksubj","threaten","_vb","^threaten[a-z]*_vb"
"835","throttle","verb","y","strongsubj","throttl","_vb","^throttl[a-z]*_vb"
"836","threw","verb","y","weaksubj","threw","_vb","^threw[a-z]*_vb"
"837","throw","verb","y","weaksubj","throw","_vb","^throw[a-z]*_vb"
"838","thumb","verb","y","weaksubj","thumb","_vb","^thumb[a-z]*_vb"
"839","thwart","verb","y","strongsubj","thwart","_vb","^thwart[a-z]*_vb"
"840","tire","verb","y","weaksubj","tire","_vb","^tire[a-z]*_vb"
"841","toil","verb","y","strongsubj","toil","_vb","^toil[a-z]*_vb"
"842","topple","verb","y","weaksubj","toppl","_vb","^toppl[a-z]*_vb"
"843","torment","verb","y","strongsubj","torment","_vb","^torment[a-z]*_vb"
"844","torture","verb","y","weaksubj","tortur","_vb","^tortur[a-z]*_vb"
"845","traduce","verb","y","strongsubj","traduc","_vb","^traduc[a-z]*_vb"
"846","trample","verb","y","strongsubj","trampl","_vb","^trampl[a-z]*_vb"
"847","transgress","verb","y","weaksubj","transgress","_vb","^transgress[a-z]*_vb"
"848","traumatize","verb","y","strongsubj","traumati","_vb","^traumati[a-z]*_vb"
"849","travesty","verb","y","strongsubj","travesty","_vb","^travesty[a-z]*_vb"
"850","travesty","verb","y","strongsubj","travesti","_vb","^travesti[a-z]*_vb"
"851","trivialize","verb","y","strongsubj","triviali","_vb","^triviali[a-z]*_vb"
"852","trouble","verb","y","weaksubj","troubl","_vb","^troubl[a-z]*_vb"
"853","try","verb","y","weaksubj","trie","_vb","^trie[a-z]*_vb"
"854","try","verb","y","weaksubj","try","_vb","^try[a-z]*_vb"
"855","twist","verb","y","strongsubj","twist","_vb","^twist[a-z]*_vb"
"856","underestimate","verb","y","strongsubj","underestimat","_vb","^underestimat[a-z]*_vb"
"857","undermine","verb","y","strongsubj","undermin","_vb","^undermin[a-z]*_vb"
"858","unleash","verb","y","strongsubj","unleash","_vb","^unleash[a-z]*_vb"
"859","unnerve","verb","y","strongsubj","unnerv","_vb","^unnerv[a-z]*_vb"
"860","unsettle","verb","y","strongsubj","unsettl","_vb","^unsettl[a-z]*_vb"
"861","upbraid","verb","y","strongsubj","upbraid","_vb","^upbraid[a-z]*_vb"
"862","uproot","verb","y","weaksubj","uproot","_vb","^uproot[a-z]*_vb"
"863","upset","verb","y","weaksubj","upset","_vb","^upset[a-z]*_vb"
"864","usurp","verb","y","strongsubj","usurp","_vb","^usurp[a-z]*_vb"
"865","vanish","verb","y","weaksubj","vanish","_vb","^vanish[a-z]*_vb"
"866","vex","verb","y","strongsubj","vex","_vb","^vex[a-z]*_vb"
"867","victimize","verb","y","strongsubj","victimi","_vb","^victimi[a-z]*_vb"
"868","vie","verb","y","strongsubj","vie","_vb","^vie[a-z]*_vb"
"869","vilify","verb","y","strongsubj","vilify","_vb","^vilify[a-z]*_vb"
"870","vilify","verb","y","strongsubj","vilifi","_vb","^vilifi[a-z]*_vb"
"871","villify","verb","y","strongsubj","villify","_vb","^villify[a-z]*_vb"
"872","villify","verb","y","strongsubj","villifi","_vb","^villifi[a-z]*_vb"
"873","violate","verb","y","strongsubj","violat","_vb","^violat[a-z]*_vb"
"874","vomit","verb","y","weaksubj","vomit","_vb","^vomit[a-z]*_vb"
"875","wail","verb","y","strongsubj","wail","_vb","^wail[a-z]*_vb"
"876","wallow","verb","y","weaksubj","wallow","_vb","^wallow[a-z]*_vb"
"877","wane","verb","y","weaksubj","waning","_vb","^waning[a-z]*_vb"
"878","wane","verb","y","weaksubj","wane","_vb","^wane[a-z]*_vb"
"879","warp","verb","y","weaksubj","warp","_vb","^warp[a-z]*_vb"
"880","waste","verb","y","weaksubj","wast","_vb","^wast[a-z]*_vb"
"881","weaken","verb","y","strongsubj","weaken","_vb","^weaken[a-z]*_vb"
"882","weary","verb","y","weaksubj","weary","_vb","^weary[a-z]*_vb"
"883","weary","verb","y","weaksubj","weari","_vb","^weari[a-z]*_vb"
"884","weep","verb","y","weaksubj","weep","_vb","^weep[a-z]*_vb"
"885","wheedle","verb","y","strongsubj","wheedl","_vb","^wheedl[a-z]*_vb"
"886","whimper","verb","y","strongsubj","whimper","_vb","^whimper[a-z]*_vb"
"887","whining","verb","y","strongsubj","whining","_vb","^whining[a-z]*_vb"
"888","whine","verb","y","strongsubj","whine","_vb","^whine[a-z]*_vb"
"889","wilt","verb","y","strongsubj","wilt","_vb","^wilt[a-z]*_vb"
"890","wince","verb","y","strongsubj","winc","_vb","^winc[a-z]*_vb"
"891","worn","verb","y","weaksubj","worn","_vb","^worn[a-z]*_vb"
"892","worry","verb","y","strongsubj","worry","_vb","^worry[a-z]*_vb"
"893","worry","verb","y","strongsubj","worri","_vb","^worri[a-z]*_vb"
"894","wound","verb","y","weaksubj","wound","_vb","^wound[a-z]*_vb"
"895","wreck","verb","y","weaksubj","wreck","_vb","^wreck[a-z]*_vb"
"896","wrangle","verb","y","strongsubj","wrangl","_vb","^wrangl[a-z]*_vb"
"897","wrest","verb","y","strongsubj","wrest","_vb","^wrest[a-z]*_vb"
"898","wrestle","verb","y","weaksubj","wrestl","_vb","^wrestl[a-z]*_vb"
"899","writhe","verb","y","weaksubj","writh","_vb","^writh[a-z]*_vb"
"900","yawn","verb","y","strongsubj","yawn","_vb","^yawn[a-z]*_vb"
"901","yelp","verb","y","strongsubj","yelp","_vb","^yelp[a-z]*_vb"
